,Datetime,Open,High,Low,Close,Volume,ScripName,ScripCode
0,2021-01-01T00:00:00,190.55,192.0,190.2,190.98,2861749,BPCL,526
1,2021-01-04T00:00:00,192.45,198.45,192.25,197.68,8238892,BPCL,526
2,2021-01-05T00:00:00,197.35,197.38,194.5,196.0,4532068,BPCL,526
3,2021-01-06T00:00:00,196.3,198.48,191.28,193.65,8072360,BPCL,526
4,2021-01-07T00:00:00,195.5,197.5,193.8,196.1,6560803,BPCL,526
5,2021-01-08T00:00:00,197.5,203.0,197.13,200.08,12377956,BPCL,526
6,2021-01-11T00:00:00,202.0,202.38,197.68,200.88,6834003,BPCL,526
7,2021-01-12T00:00:00,200.75,204.5,198.73,201.28,8331071,BPCL,526
8,2021-01-13T00:00:00,203.0,212.5,202.33,205.95,21181147,BPCL,526
9,2021-01-14T00:00:00,206.0,215.0,205.5,213.35,12600096,BPCL,526
10,2021-01-15T00:00:00,214.7,214.75,205.65,207.3,8827951,BPCL,526
11,2021-01-18T00:00:00,207.0,208.45,201.0,204.78,8393582,BPCL,526
12,2021-01-19T00:00:00,206.5,209.0,204.13,206.73,5547107,BPCL,526
13,2021-01-20T00:00:00,207.5,208.45,204.63,206.93,4937393,BPCL,526
14,2021-01-21T00:00:00,207.5,211.5,202.55,204.15,8768238,BPCL,526
15,2021-01-22T00:00:00,204.5,206.48,197.48,198.03,7702419,BPCL,526
16,2021-01-25T00:00:00,200.0,201.43,192.35,193.65,6030213,BPCL,526
17,2021-01-27T00:00:00,192.78,195.13,189.88,190.3,6033438,BPCL,526
18,2021-01-28T00:00:00,188.5,194.85,188.13,192.15,8155883,BPCL,526
19,2021-01-29T00:00:00,194.95,198.28,190.68,191.8,8258955,BPCL,526
20,2021-02-01T00:00:00,194.0,198.95,190.3,196.5,13938368,BPCL,526
21,2021-02-02T00:00:00,198.38,205.5,196.63,204.0,8876838,BPCL,526
22,2021-02-03T00:00:00,202.5,208.5,201.18,207.45,8509253,BPCL,526
23,2021-02-04T00:00:00,206.8,211.25,205.28,209.28,7599341,BPCL,526
24,2021-02-05T00:00:00,210.25,211.15,206.55,207.5,3861284,BPCL,526
25,2021-02-08T00:00:00,210.0,212.2,208.0,210.03,6322827,BPCL,526
26,2021-02-09T00:00:00,215.5,219.03,208.33,209.68,22577022,BPCL,526
27,2021-02-10T00:00:00,211.1,212.48,204.53,207.9,9580296,BPCL,526
28,2021-02-11T00:00:00,207.5,211.43,207.15,210.98,5729659,BPCL,526
29,2021-02-12T00:00:00,211.5,212.93,207.3,209.05,5470945,BPCL,526
30,2021-02-15T00:00:00,211.4,212.45,208.5,209.5,5518776,BPCL,526
31,2021-02-16T00:00:00,208.9,211.3,208.1,208.98,5397662,BPCL,526
32,2021-02-17T00:00:00,202.25,206.95,200.78,205.85,8589431,BPCL,526
33,2021-02-18T00:00:00,207.68,217.18,205.35,216.1,20755494,BPCL,526
34,2021-02-19T00:00:00,218.5,222.4,211.75,215.0,24446305,BPCL,526
35,2021-02-22T00:00:00,214.65,217.63,209.0,211.28,9690341,BPCL,526
36,2021-02-23T00:00:00,214.0,221.35,212.9,217.63,14397828,BPCL,526
37,2021-02-24T00:00:00,220.0,222.5,218.05,219.35,5990683,BPCL,526
38,2021-02-25T00:00:00,220.98,233.9,220.93,230.78,18810829,BPCL,526
39,2021-02-26T00:00:00,227.48,233.18,220.13,224.93,18441539,BPCL,526
40,2021-03-01T00:00:00,228.0,231.93,225.05,227.63,6092750,BPCL,526
41,2021-03-02T00:00:00,237.25,241.2,231.0,234.5,26600333,BPCL,526
42,2021-03-03T00:00:00,240.0,240.0,231.15,233.18,8837642,BPCL,526
43,2021-03-04T00:00:00,231.0,236.33,229.63,231.95,6278311,BPCL,526
44,2021-03-05T00:00:00,231.5,237.23,229.05,230.9,8896513,BPCL,526
45,2021-03-08T00:00:00,231.0,236.48,230.9,233.35,5674769,BPCL,526
46,2021-03-09T00:00:00,223.1,227.0,218.68,222.95,199790953,BPCL,526
47,2021-03-10T00:00:00,225.5,225.95,221.03,222.75,11745802,BPCL,526
48,2021-03-12T00:00:00,228.5,232.0,225.5,228.78,26396386,BPCL,526
49,2021-03-15T00:00:00,232.23,232.5,225.65,230.28,16921115,BPCL,526
50,2021-03-16T00:00:00,232.28,232.8,226.03,226.93,15391437,BPCL,526
51,2021-03-17T00:00:00,221.0,223.35,215.05,216.03,28849799,BPCL,526
52,2021-03-18T00:00:00,217.5,219.25,211.9,213.45,13180981,BPCL,526
53,2021-03-19T00:00:00,213.0,219.2,209.6,216.48,13311475,BPCL,526
54,2021-03-22T00:00:00,219.13,221.0,217.18,219.68,13671931,BPCL,526
55,2021-03-23T00:00:00,220.95,221.1,217.55,218.25,8544739,BPCL,526
56,2021-03-24T00:00:00,217.48,218.25,214.33,214.98,5158543,BPCL,526
57,2021-03-25T00:00:00,213.23,213.6,207.55,209.48,10449487,BPCL,526
58,2021-03-26T00:00:00,212.95,215.9,210.7,212.1,9602431,BPCL,526
59,2021-03-30T00:00:00,214.45,216.95,210.75,215.4,8576904,BPCL,526
60,2021-03-31T00:00:00,215.25,215.58,212.75,213.98,5009335,BPCL,526
61,2021-04-01T00:00:00,215.3,219.98,214.03,218.7,4578197,BPCL,526
62,2021-04-05T00:00:00,217.05,218.5,210.55,214.03,5755221,BPCL,526
63,2021-04-06T00:00:00,215.0,216.85,212.15,214.05,4595437,BPCL,526
64,2021-04-07T00:00:00,214.5,215.75,213.75,214.1,3715472,BPCL,526
65,2021-04-08T00:00:00,214.78,218.0,214.65,215.28,3354117,BPCL,526
66,2021-04-09T00:00:00,215.0,216.13,212.25,212.8,4089592,BPCL,526
67,2021-04-12T00:00:00,208.98,209.7,201.0,201.98,6184047,BPCL,526
68,2021-04-13T00:00:00,202.5,206.25,201.1,204.7,4032156,BPCL,526
69,2021-04-15T00:00:00,204.5,208.2,201.65,202.43,7220179,BPCL,526
70,2021-04-16T00:00:00,202.5,211.48,202.15,206.9,11146313,BPCL,526
71,2021-04-19T00:00:00,202.5,206.2,200.0,204.38,5628231,BPCL,526
72,2021-04-20T00:00:00,205.95,207.23,203.05,204.05,3513444,BPCL,526
73,2021-04-22T00:00:00,202.5,210.65,201.75,209.18,7805674,BPCL,526
74,2021-04-23T00:00:00,208.65,212.48,208.0,211.53,23840266,BPCL,526
75,2021-04-26T00:00:00,213.0,214.18,208.78,209.45,6444098,BPCL,526
76,2021-04-27T00:00:00,208.75,211.55,208.28,210.18,5408165,BPCL,526
77,2021-04-28T00:00:00,211.0,212.18,207.45,208.75,9902533,BPCL,526
78,2021-04-29T00:00:00,211.0,211.5,208.5,209.78,6632804,BPCL,526
79,2021-04-30T00:00:00,208.75,218.75,207.33,210.9,16851470,BPCL,526
80,2021-05-03T00:00:00,209.5,214.53,207.7,208.0,8059391,BPCL,526
81,2021-05-04T00:00:00,210.45,214.73,209.25,210.73,9993939,BPCL,526
82,2021-05-05T00:00:00,211.03,215.8,210.5,212.4,6889331,BPCL,526
83,2021-05-06T00:00:00,214.0,217.5,212.08,217.0,6393644,BPCL,526
84,2021-05-07T00:00:00,217.53,223.5,214.0,221.58,12027364,BPCL,526
85,2021-05-10T00:00:00,224.5,227.5,222.5,226.85,9702910,BPCL,526
86,2021-05-11T00:00:00,224.8,232.0,223.45,231.13,10847939,BPCL,526
87,2021-05-12T00:00:00,232.0,234.0,223.25,224.63,7617797,BPCL,526
88,2021-05-14T00:00:00,226.75,226.75,219.55,221.13,4899715,BPCL,526
89,2021-05-17T00:00:00,222.5,223.28,219.05,221.83,3031731,BPCL,526
90,2021-05-18T00:00:00,223.6,226.2,221.35,224.23,4967123,BPCL,526
91,2021-05-19T00:00:00,225.0,227.15,221.13,223.23,8107607,BPCL,526
92,2021-05-20T00:00:00,224.0,228.93,220.75,227.4,9399907,BPCL,526
93,2021-05-21T00:00:00,231.5,234.0,229.53,230.53,11993869,BPCL,526
94,2021-05-24T00:00:00,233.48,237.28,230.3,236.43,11470610,BPCL,526
95,2021-05-25T00:00:00,238.4,239.5,234.5,237.2,10599676,BPCL,526
96,2021-05-26T00:00:00,239.33,240.35,234.25,236.1,12972307,BPCL,526
97,2021-05-27T00:00:00,242.5,244.0,233.0,233.93,51494404,BPCL,526
98,2021-05-28T00:00:00,237.5,239.95,234.25,235.75,14656852,BPCL,526
99,2021-05-31T00:00:00,236.73,236.73,234.15,236.0,6747781,BPCL,526
100,2021-06-01T00:00:00,236.7,238.35,235.05,235.43,4434765,BPCL,526
101,2021-06-02T00:00:00,235.0,237.73,234.5,237.33,6338355,BPCL,526
102,2021-06-03T00:00:00,237.25,239.2,236.55,236.95,6092262,BPCL,526
103,2021-06-04T00:00:00,237.4,241.4,237.03,239.13,8879733,BPCL,526
104,2021-06-07T00:00:00,240.4,242.7,239.38,240.7,6261695,BPCL,526
105,2021-06-08T00:00:00,241.9,244.85,238.13,243.73,7599482,BPCL,526
106,2021-06-09T00:00:00,246.0,246.95,240.75,242.53,9490181,BPCL,526
107,2021-06-10T00:00:00,243.13,243.75,241.38,241.78,3694317,BPCL,526
108,2021-06-11T00:00:00,242.85,244.75,240.85,241.8,3719254,BPCL,526
109,2021-06-14T00:00:00,241.98,242.5,238.0,241.85,3618826,BPCL,526
110,2021-06-15T00:00:00,242.5,243.63,240.4,240.95,3253680,BPCL,526
111,2021-06-16T00:00:00,241.73,242.45,239.53,240.63,3997462,BPCL,526
112,2021-06-17T00:00:00,238.98,241.45,238.15,238.45,3325538,BPCL,526
113,2021-06-18T00:00:00,240.0,240.05,233.38,236.18,5291888,BPCL,526
114,2021-06-21T00:00:00,235.85,237.9,234.25,237.53,2698544,BPCL,526
115,2021-06-22T00:00:00,238.75,239.38,236.4,236.83,2776710,BPCL,526
116,2021-06-23T00:00:00,237.0,237.5,234.58,234.8,2463779,BPCL,526
117,2021-06-24T00:00:00,234.75,235.25,232.55,233.05,4231105,BPCL,526
118,2021-06-25T00:00:00,234.2,236.05,233.1,235.03,2952120,BPCL,526
119,2021-06-28T00:00:00,235.5,236.0,233.28,233.58,2167160,BPCL,526
120,2021-06-29T00:00:00,234.5,234.75,232.5,233.13,2960797,BPCL,526
121,2021-06-30T00:00:00,233.5,235.33,233.0,234.05,2962317,BPCL,526
122,2021-07-01T00:00:00,234.05,234.45,231.0,231.38,2878513,BPCL,526
123,2021-07-02T00:00:00,231.5,232.8,230.53,231.38,2384746,BPCL,526
124,2021-07-05T00:00:00,232.48,233.75,229.25,229.85,5595087,BPCL,526
125,2021-07-06T00:00:00,230.0,231.5,228.8,229.03,3874696,BPCL,526
126,2021-07-07T00:00:00,229.03,230.7,226.23,230.25,3000290,BPCL,526
127,2021-07-08T00:00:00,230.08,232.7,228.28,229.1,3213389,BPCL,526
128,2021-07-09T00:00:00,228.05,229.25,226.65,228.45,3529331,BPCL,526
129,2021-07-12T00:00:00,228.8,229.65,225.03,225.5,3696855,BPCL,526
130,2021-07-13T00:00:00,226.38,227.5,224.88,225.13,3704937,BPCL,526
131,2021-07-14T00:00:00,225.5,226.55,224.1,224.35,2468262,BPCL,526
132,2021-07-15T00:00:00,224.65,225.38,222.53,223.53,3308775,BPCL,526
133,2021-07-16T00:00:00,224.53,225.53,222.9,224.0,3363302,BPCL,526
134,2021-07-19T00:00:00,223.0,229.5,222.6,226.95,7368974,BPCL,526
135,2021-07-20T00:00:00,228.4,229.0,224.5,226.9,3844508,BPCL,526
136,2021-07-22T00:00:00,227.48,231.98,226.5,230.45,6766248,BPCL,526
137,2021-07-23T00:00:00,232.4,232.9,229.65,230.68,3477404,BPCL,526
138,2021-07-26T00:00:00,230.95,231.28,227.55,228.0,2588738,BPCL,526
139,2021-07-27T00:00:00,228.0,230.2,226.13,226.65,2317628,BPCL,526
140,2021-07-28T00:00:00,226.8,227.75,225.15,226.73,2205610,BPCL,526
141,2021-07-29T00:00:00,226.0,227.08,224.25,224.55,2989610,BPCL,526
142,2021-07-30T00:00:00,224.6,227.1,222.45,222.75,6765935,BPCL,526
143,2021-08-02T00:00:00,224.03,229.95,223.25,228.9,4982840,BPCL,526
144,2021-08-03T00:00:00,230.35,232.48,228.25,231.7,3927566,BPCL,526
145,2021-08-04T00:00:00,231.5,232.5,228.05,228.58,2596138,BPCL,526
146,2021-08-05T00:00:00,228.05,229.3,225.58,226.75,3549955,BPCL,526
147,2021-08-06T00:00:00,227.0,231.5,227.0,227.8,4059302,BPCL,526
148,2021-08-09T00:00:00,228.75,229.5,225.35,226.25,2277623,BPCL,526
149,2021-08-10T00:00:00,227.25,227.45,221.38,222.35,3549099,BPCL,526
150,2021-08-11T00:00:00,223.0,225.78,220.28,225.0,5317536,BPCL,526
151,2021-08-12T00:00:00,226.0,227.7,221.05,224.08,6283857,BPCL,526
152,2021-08-13T00:00:00,225.0,229.43,224.15,227.45,7116016,BPCL,526
153,2021-08-16T00:00:00,229.25,233.8,227.53,232.0,8982218,BPCL,526
154,2021-08-17T00:00:00,232.93,234.88,230.5,232.5,7181750,BPCL,526
155,2021-08-18T00:00:00,233.48,233.48,230.53,231.75,3973617,BPCL,526
156,2021-08-20T00:00:00,230.9,232.75,226.5,227.6,6057409,BPCL,526
157,2021-08-23T00:00:00,229.35,229.83,224.05,225.85,3962946,BPCL,526
158,2021-08-24T00:00:00,226.5,229.63,226.43,228.2,3624344,BPCL,526
159,2021-08-25T00:00:00,229.0,232.2,228.63,230.35,4852133,BPCL,526
160,2021-08-26T00:00:00,230.3,235.7,229.3,233.38,7423649,BPCL,526
161,2021-08-27T00:00:00,234.53,236.85,233.08,235.65,6268381,BPCL,526
162,2021-08-30T00:00:00,237.45,237.45,235.8,236.28,4514920,BPCL,526
163,2021-08-31T00:00:00,236.5,237.93,234.18,235.83,9001236,BPCL,526
164,2021-09-01T00:00:00,236.63,239.7,236.1,238.5,5219501,BPCL,526
165,2021-09-02T00:00:00,239.0,240.78,238.5,239.9,4181314,BPCL,526
166,2021-09-03T00:00:00,241.5,247.0,240.1,245.65,8186035,BPCL,526
167,2021-09-06T00:00:00,247.98,248.25,245.0,245.4,6989779,BPCL,526
168,2021-09-07T00:00:00,245.35,246.75,240.5,240.98,6710140,BPCL,526
169,2021-09-08T00:00:00,242.0,246.5,240.95,244.78,6804831,BPCL,526
170,2021-09-09T00:00:00,244.95,246.0,243.88,245.58,4542492,BPCL,526
171,2021-09-13T00:00:00,247.0,249.63,245.75,249.05,10730342,BPCL,526
172,2021-09-14T00:00:00,250.5,251.5,245.25,246.55,12091391,BPCL,526
173,2021-09-15T00:00:00,247.0,247.48,244.05,244.98,11374253,BPCL,526
174,2021-09-16T00:00:00,218.75,221.03,217.78,219.53,17375477,BPCL,526
175,2021-09-17T00:00:00,220.5,221.0,216.05,218.13,12008204,BPCL,526
176,2021-09-20T00:00:00,215.53,216.83,209.48,210.2,7372138,BPCL,526
177,2021-09-21T00:00:00,209.95,211.95,206.4,206.9,11481738,BPCL,526
178,2021-09-22T00:00:00,207.25,210.75,207.25,210.08,4820035,BPCL,526
179,2021-09-23T00:00:00,211.58,212.15,208.58,209.98,5884558,BPCL,526
180,2021-09-24T00:00:00,210.5,211.63,206.03,207.4,6337414,BPCL,526
181,2021-09-27T00:00:00,209.23,211.25,208.28,210.3,4889433,BPCL,526
182,2021-09-28T00:00:00,212.15,215.13,211.5,214.8,9133471,BPCL,526
183,2021-09-29T00:00:00,214.75,219.0,213.0,218.45,7625857,BPCL,526
184,2021-09-30T00:00:00,219.9,220.2,215.5,216.1,4467366,BPCL,526
185,2021-10-01T00:00:00,215.95,218.8,214.5,216.53,2744990,BPCL,526
186,2021-10-04T00:00:00,217.0,219.0,216.75,217.93,2681114,BPCL,526
187,2021-10-05T00:00:00,217.93,222.75,217.85,221.93,9010146,BPCL,526
188,2021-10-06T00:00:00,223.5,225.98,222.58,223.6,8124411,BPCL,526
189,2021-10-07T00:00:00,225.75,226.0,224.0,224.6,3722557,BPCL,526
190,2021-10-08T00:00:00,225.75,226.0,222.3,224.73,3009652,BPCL,526
191,2021-10-11T00:00:00,225.0,227.58,224.75,227.2,5916666,BPCL,526
192,2021-10-12T00:00:00,227.18,228.6,225.55,227.63,5461602,BPCL,526
193,2021-10-13T00:00:00,228.5,230.2,226.65,229.33,7036361,BPCL,526
194,2021-10-14T00:00:00,230.0,231.1,229.0,229.65,3947390,BPCL,526
195,2021-10-18T00:00:00,235.0,235.0,230.53,231.25,4392323,BPCL,526
196,2021-10-19T00:00:00,231.95,232.5,224.98,226.53,5402657,BPCL,526
197,2021-10-20T00:00:00,226.0,226.45,218.18,220.55,6543463,BPCL,526
198,2021-10-21T00:00:00,222.63,227.0,221.53,225.53,9887576,BPCL,526
199,2021-10-22T00:00:00,225.5,226.5,221.25,223.63,3914996,BPCL,526
200,2021-10-25T00:00:00,223.5,224.2,214.93,215.85,7275177,BPCL,526
201,2021-10-26T00:00:00,215.5,218.48,214.03,215.53,4972613,BPCL,526
202,2021-10-27T00:00:00,216.73,217.25,213.5,213.85,3368898,BPCL,526
203,2021-10-28T00:00:00,214.5,215.5,209.53,210.4,3621241,BPCL,526
204,2021-10-29T00:00:00,209.5,212.5,206.8,208.85,6037509,BPCL,526
205,2021-11-01T00:00:00,214.0,214.0,209.95,210.83,5826200,BPCL,526
206,2021-11-02T00:00:00,211.5,211.95,207.8,208.08,4049673,BPCL,526
207,2021-11-03T00:00:00,209.0,210.78,207.1,207.45,5258243,BPCL,526
208,2021-11-04T00:00:00,209.93,210.13,209.05,209.88,987512,BPCL,526
209,2021-11-08T00:00:00,212.0,216.38,210.73,215.88,5935209,BPCL,526
210,2021-11-09T00:00:00,216.35,216.38,213.5,215.25,2933590,BPCL,526
211,2021-11-10T00:00:00,216.0,217.0,215.08,215.63,3282554,BPCL,526
212,2021-11-11T00:00:00,212.98,213.63,211.03,212.65,3316769,BPCL,526
213,2021-11-12T00:00:00,214.0,215.0,213.18,213.85,2144462,BPCL,526
214,2021-11-15T00:00:00,213.95,215.03,212.33,213.18,1919944,BPCL,526
215,2021-11-16T00:00:00,213.0,213.28,209.08,209.95,2766721,BPCL,526
216,2021-11-17T00:00:00,210.25,210.38,206.1,206.9,3769399,BPCL,526
217,2021-11-18T00:00:00,206.75,207.83,202.5,202.65,4995398,BPCL,526
218,2021-11-22T00:00:00,203.0,203.95,196.55,197.8,5282894,BPCL,526
219,2021-11-23T00:00:00,197.5,200.65,197.03,198.8,3382706,BPCL,526
220,2021-11-24T00:00:00,200.55,204.65,199.4,201.68,4241408,BPCL,526
221,2021-11-25T00:00:00,202.0,202.2,199.0,200.05,3161909,BPCL,526
222,2021-11-26T00:00:00,198.58,198.6,187.5,188.43,10023331,BPCL,526
223,2021-11-29T00:00:00,189.5,190.0,183.5,183.73,7518776,BPCL,526
224,2021-11-30T00:00:00,185.0,189.75,184.0,185.0,9196735,BPCL,526
225,2021-12-01T00:00:00,186.38,187.98,182.9,184.38,6528783,BPCL,526
226,2021-12-02T00:00:00,185.0,189.98,184.53,189.43,6224888,BPCL,526
227,2021-12-03T00:00:00,191.25,194.2,190.65,192.95,8656623,BPCL,526
228,2021-12-06T00:00:00,193.68,194.7,190.5,191.73,4459906,BPCL,526
229,2021-12-07T00:00:00,192.95,194.38,192.63,193.9,3637703,BPCL,526
230,2021-12-08T00:00:00,194.75,196.13,194.58,195.58,3593664,BPCL,526
231,2021-12-09T00:00:00,197.13,200.75,196.15,196.88,6485041,BPCL,526
232,2021-12-10T00:00:00,196.75,198.95,195.5,198.48,2282959,BPCL,526
233,2021-12-13T00:00:00,199.48,200.25,195.53,196.18,2599708,BPCL,526
234,2021-12-14T00:00:00,196.48,196.48,194.55,195.83,3291399,BPCL,526
235,2021-12-15T00:00:00,195.5,196.2,191.55,192.15,5557592,BPCL,526
236,2021-12-16T00:00:00,193.25,196.0,192.23,195.53,3954683,BPCL,526
237,2021-12-17T00:00:00,196.5,197.28,191.05,192.35,8024861,BPCL,526
238,2021-12-20T00:00:00,190.43,190.43,179.5,180.0,11255280,BPCL,526
239,2021-12-21T00:00:00,182.2,182.95,178.7,182.1,6427779,BPCL,526
240,2021-12-22T00:00:00,183.0,186.9,182.6,186.23,5022622,BPCL,526
241,2021-12-23T00:00:00,187.4,189.13,186.0,188.68,5346933,BPCL,526
242,2021-12-24T00:00:00,189.6,189.6,185.15,186.08,3143785,BPCL,526
243,2021-12-27T00:00:00,185.48,187.58,183.75,187.2,2316330,BPCL,526
244,2021-12-28T00:00:00,187.9,190.7,187.5,190.2,3224743,BPCL,526
245,2021-12-29T00:00:00,190.5,191.43,188.58,190.55,4130329,BPCL,526
246,2021-12-30T00:00:00,192.0,192.65,188.0,188.98,6085707,BPCL,526
247,2021-12-31T00:00:00,188.25,193.7,188.25,192.73,3890328,BPCL,526
248,2022-01-03T00:00:00,192.0,193.5,192.0,193.05,3234192,BPCL,526
249,2022-01-04T00:00:00,194.0,196.88,192.38,192.98,5899648,BPCL,526
250,2022-01-05T00:00:00,192.48,198.25,191.73,197.35,6741998,BPCL,526
251,2022-01-06T00:00:00,198.0,198.33,195.3,197.9,4118574,BPCL,526
252,2022-01-07T00:00:00,199.0,201.45,197.5,198.1,5957213,BPCL,526
253,2022-01-10T00:00:00,199.5,199.85,197.8,198.78,2089864,BPCL,526
254,2022-01-11T00:00:00,199.4,199.4,195.08,195.58,3427008,BPCL,526
255,2022-01-12T00:00:00,197.25,197.98,193.28,194.35,4623410,BPCL,526
256,2022-01-13T00:00:00,195.1,198.78,193.63,197.25,4245712,BPCL,526
257,2022-01-14T00:00:00,197.5,199.98,196.25,199.23,3457752,BPCL,526
258,2022-01-17T00:00:00,200.5,202.2,199.3,200.28,4835805,BPCL,526
259,2022-01-18T00:00:00,200.9,203.45,198.18,199.05,6610248,BPCL,526
260,2022-01-19T00:00:00,198.0,200.75,196.5,197.18,5173988,BPCL,526
261,2022-01-20T00:00:00,197.5,198.78,195.1,196.53,3247617,BPCL,526
262,2022-01-21T00:00:00,196.9,198.03,190.0,190.85,5155269,BPCL,526
263,2022-01-24T00:00:00,190.7,191.93,185.05,186.55,5334037,BPCL,526
264,2022-01-25T00:00:00,186.05,191.9,184.0,191.28,4952650,BPCL,526
265,2022-01-27T00:00:00,192.5,192.63,187.5,191.1,5737395,BPCL,526
266,2022-01-28T00:00:00,192.48,196.75,190.68,191.25,4044959,BPCL,526
267,2022-01-31T00:00:00,195.0,199.9,193.98,198.53,6964092,BPCL,526
268,2022-02-01T00:00:00,197.5,197.5,188.0,189.43,12757699,BPCL,526
269,2022-02-02T00:00:00,192.5,192.8,189.68,191.05,5850788,BPCL,526
270,2022-02-03T00:00:00,192.0,192.45,188.25,188.53,5329147,BPCL,526
271,2022-02-04T00:00:00,188.58,190.0,187.03,187.83,4478855,BPCL,526
272,2022-02-07T00:00:00,189.0,189.2,185.05,186.23,4094513,BPCL,526
273,2022-02-08T00:00:00,187.2,189.25,185.33,188.7,3454806,BPCL,526
274,2022-02-09T00:00:00,190.0,191.0,187.35,187.8,4646178,BPCL,526
275,2022-02-10T00:00:00,186.35,186.75,184.25,184.83,6141529,BPCL,526
276,2022-02-11T00:00:00,184.83,187.25,182.5,184.78,5631276,BPCL,526
277,2022-02-14T00:00:00,182.5,182.93,180.28,180.85,5098193,BPCL,526
278,2022-02-15T00:00:00,181.03,184.88,178.3,184.45,5524786,BPCL,526
279,2022-02-16T00:00:00,185.5,189.2,185.15,187.05,5444908,BPCL,526
280,2022-02-17T00:00:00,187.98,188.63,185.5,186.5,2612160,BPCL,526
281,2022-02-18T00:00:00,185.73,187.98,185.73,186.58,2210217,BPCL,526
282,2022-02-21T00:00:00,186.5,186.5,182.53,184.38,3103771,BPCL,526
283,2022-02-22T00:00:00,180.0,182.23,174.65,177.65,7053081,BPCL,526
284,2022-02-23T00:00:00,179.25,180.4,178.1,178.55,2818071,BPCL,526
285,2022-02-24T00:00:00,174.5,176.0,165.55,166.53,7047485,BPCL,526
286,2022-02-25T00:00:00,170.0,170.75,166.08,168.18,5839510,BPCL,526
287,2022-02-28T00:00:00,167.68,175.65,166.0,174.9,9573141,BPCL,526
288,2022-03-02T00:00:00,173.25,178.35,169.9,171.05,7734602,BPCL,526
289,2022-03-03T00:00:00,173.7,177.0,171.68,173.2,6412853,BPCL,526
290,2022-03-04T00:00:00,173.98,175.75,171.5,174.18,7778930,BPCL,526
291,2022-03-07T00:00:00,173.5,173.5,165.9,169.0,9968000,BPCL,526
292,2022-03-08T00:00:00,168.9,171.5,166.35,170.8,6440280,BPCL,526
293,2022-03-09T00:00:00,172.25,173.83,168.85,171.33,6781953,BPCL,526
294,2022-03-10T00:00:00,176.0,177.0,172.75,174.5,9054604,BPCL,526
295,2022-03-11T00:00:00,175.5,181.85,175.13,181.0,8278802,BPCL,526
296,2022-03-14T00:00:00,179.9,180.5,176.18,179.83,8224912,BPCL,526
297,2022-03-15T00:00:00,180.53,180.75,174.05,175.15,6065433,BPCL,526
298,2022-03-16T00:00:00,176.75,178.85,175.08,178.15,4722492,BPCL,526
299,2022-03-17T00:00:00,179.8,183.1,178.93,182.1,11413836,BPCL,526
300,2022-03-21T00:00:00,180.0,183.65,178.15,178.6,6184825,BPCL,526
301,2022-03-22T00:00:00,179.43,184.85,178.35,184.2,7467189,BPCL,526
302,2022-03-23T00:00:00,185.45,185.8,182.5,183.3,6237729,BPCL,526
303,2022-03-24T00:00:00,183.0,183.9,180.4,181.3,4848379,BPCL,526
304,2022-03-25T00:00:00,181.0,182.28,179.05,180.15,3629552,BPCL,526
305,2022-03-28T00:00:00,180.0,181.43,178.15,179.85,5812191,BPCL,526
306,2022-03-29T00:00:00,181.0,181.2,178.98,179.23,5708664,BPCL,526
307,2022-03-30T00:00:00,180.25,181.2,179.6,180.03,4123566,BPCL,526
308,2022-03-31T00:00:00,180.5,182.25,179.4,179.68,5503682,BPCL,526
309,2022-04-01T00:00:00,180.78,187.5,180.78,187.2,6386165,BPCL,526
310,2022-04-04T00:00:00,187.2,190.63,186.1,190.1,7357360,BPCL,526
311,2022-04-05T00:00:00,190.5,191.0,188.28,190.0,3311172,BPCL,526
312,2022-04-06T00:00:00,189.5,193.23,188.73,192.9,5843175,BPCL,526
313,2022-04-07T00:00:00,192.43,193.65,189.75,190.4,3346885,BPCL,526
314,2022-04-08T00:00:00,191.4,193.4,190.55,192.28,4190274,BPCL,526
315,2022-04-11T00:00:00,192.58,195.08,192.4,194.18,2389160,BPCL,526
316,2022-04-12T00:00:00,193.48,193.8,188.63,190.3,2445974,BPCL,526
317,2022-04-13T00:00:00,190.0,191.98,188.85,189.5,3261962,BPCL,526
318,2022-04-18T00:00:00,189.5,189.5,185.53,185.88,2792673,BPCL,526
319,2022-04-19T00:00:00,186.95,191.93,186.5,187.93,5796327,BPCL,526
320,2022-04-20T00:00:00,189.9,196.15,188.18,194.98,8568189,BPCL,526
321,2022-04-21T00:00:00,197.5,199.4,195.0,198.85,7977846,BPCL,526
322,2022-04-22T00:00:00,197.5,198.63,195.75,196.7,4410739,BPCL,526
323,2022-04-25T00:00:00,192.5,192.98,184.4,184.85,10407964,BPCL,526
324,2022-04-26T00:00:00,186.7,187.7,184.58,186.43,3139478,BPCL,526
325,2022-04-27T00:00:00,184.0,185.8,182.15,183.25,3081806,BPCL,526
326,2022-04-28T00:00:00,185.85,185.85,182.58,184.68,3286639,BPCL,526
327,2022-04-29T00:00:00,185.0,186.35,180.58,181.3,3359425,BPCL,526
328,2022-05-02T00:00:00,180.05,183.98,178.83,183.23,3200238,BPCL,526
329,2022-05-04T00:00:00,183.23,185.7,179.75,181.73,2868547,BPCL,526
330,2022-05-05T00:00:00,183.03,184.38,180.05,180.5,1847546,BPCL,526
331,2022-05-06T00:00:00,178.5,179.9,176.5,178.65,2348871,BPCL,526
332,2022-05-09T00:00:00,177.85,179.15,174.9,176.7,2524390,BPCL,526
333,2022-05-10T00:00:00,176.75,179.0,175.7,176.73,2954952,BPCL,526
334,2022-05-11T00:00:00,177.5,179.73,172.38,173.55,3887065,BPCL,526
335,2022-05-12T00:00:00,172.5,173.23,168.1,169.98,3858313,BPCL,526
336,2022-05-13T00:00:00,170.7,172.65,168.0,168.48,2257796,BPCL,526
337,2022-05-16T00:00:00,169.58,169.83,166.85,168.05,1942152,BPCL,526
338,2022-05-17T00:00:00,168.0,171.48,167.08,171.23,4798210,BPCL,526
339,2022-05-18T00:00:00,168.23,173.6,165.5,165.95,7657308,BPCL,526
340,2022-05-19T00:00:00,164.9,164.98,162.0,163.33,5093969,BPCL,526
341,2022-05-20T00:00:00,166.0,167.43,164.0,166.4,3196697,BPCL,526
342,2022-05-23T00:00:00,166.4,168.08,163.5,166.05,4396431,BPCL,526
343,2022-05-24T00:00:00,166.05,167.28,164.25,165.05,2945719,BPCL,526
344,2022-05-25T00:00:00,166.2,166.75,162.58,163.08,4081823,BPCL,526
345,2022-05-26T00:00:00,162.5,162.75,156.1,162.18,8030657,BPCL,526
346,2022-05-27T00:00:00,162.3,164.5,159.1,161.18,4875852,BPCL,526
347,2022-05-30T00:00:00,162.25,165.4,161.0,164.58,3550508,BPCL,526
348,2022-05-31T00:00:00,165.0,165.35,162.5,163.1,10420751,BPCL,526
349,2022-06-01T00:00:00,164.0,165.93,162.05,163.0,6690532,BPCL,526
350,2022-06-02T00:00:00,163.5,167.13,161.28,164.68,8056904,BPCL,526
351,2022-06-03T00:00:00,165.3,166.0,163.55,164.08,4969493,BPCL,526
352,2022-06-06T00:00:00,163.75,163.95,159.15,159.68,4672714,BPCL,526
353,2022-06-07T00:00:00,158.78,161.3,158.5,160.13,3955076,BPCL,526
354,2022-06-08T00:00:00,160.5,162.45,159.6,161.95,2690805,BPCL,526
355,2022-06-09T00:00:00,161.5,167.28,159.75,166.43,6959446,BPCL,526
356,2022-06-10T00:00:00,165.38,166.1,163.3,165.5,2726717,BPCL,526
357,2022-06-13T00:00:00,163.95,163.95,158.65,158.98,3751840,BPCL,526
358,2022-06-14T00:00:00,158.65,160.38,155.83,157.15,5049196,BPCL,526
359,2022-06-15T00:00:00,158.43,158.43,154.0,157.0,4993654,BPCL,526
360,2022-06-16T00:00:00,159.0,159.9,155.15,155.83,4360359,BPCL,526
361,2022-06-17T00:00:00,154.5,155.75,149.88,150.5,6952755,BPCL,526
362,2022-06-20T00:00:00,152.0,152.25,147.0,148.03,3728409,BPCL,526
363,2022-06-21T00:00:00,148.33,151.23,146.68,150.6,2801829,BPCL,526
364,2022-06-22T00:00:00,151.58,153.7,148.38,152.95,6602434,BPCL,526
365,2022-06-23T00:00:00,154.23,155.25,151.78,153.95,4348512,BPCL,526
366,2022-06-24T00:00:00,154.1,155.23,152.7,153.78,3274950,BPCL,526
367,2022-06-27T00:00:00,155.0,157.83,154.18,157.5,2784807,BPCL,526
368,2022-06-28T00:00:00,156.0,159.75,156.0,159.3,3240518,BPCL,526
369,2022-06-29T00:00:00,156.8,159.93,156.8,158.2,2251588,BPCL,526
370,2022-06-30T00:00:00,158.0,158.88,153.58,154.2,4579284,BPCL,526
371,2022-07-01T00:00:00,154.25,159.63,152.85,159.18,4416695,BPCL,526
372,2022-07-04T00:00:00,158.05,159.23,156.33,158.18,2215520,BPCL,526
373,2022-07-05T00:00:00,158.9,160.68,156.08,156.55,3069304,BPCL,526
374,2022-07-06T00:00:00,158.3,161.0,157.75,160.65,4176932,BPCL,526
375,2022-07-07T00:00:00,162.45,165.0,161.55,164.7,4639907,BPCL,526
376,2022-07-08T00:00:00,165.0,166.13,162.25,162.65,2517327,BPCL,526
377,2022-07-11T00:00:00,163.18,163.18,157.75,157.95,5915421,BPCL,526
378,2022-07-12T00:00:00,157.5,157.75,154.03,154.33,5345351,BPCL,526
379,2022-07-13T00:00:00,156.0,157.7,154.75,155.25,4822921,BPCL,526
380,2022-07-14T00:00:00,155.5,156.35,152.08,153.08,5917691,BPCL,526
381,2022-07-15T00:00:00,154.0,156.58,153.05,156.05,5012177,BPCL,526
382,2022-07-18T00:00:00,156.75,158.13,154.83,157.9,3514880,BPCL,526
383,2022-07-19T00:00:00,157.45,158.9,156.25,158.28,2504515,BPCL,526
384,2022-07-20T00:00:00,159.7,160.43,158.13,158.55,3361785,BPCL,526
385,2022-07-21T00:00:00,158.98,162.0,158.0,161.35,3649172,BPCL,526
386,2022-07-22T00:00:00,162.6,162.7,159.28,160.15,3146589,BPCL,526
387,2022-07-25T00:00:00,160.15,160.45,157.78,158.58,3264614,BPCL,526
388,2022-07-26T00:00:00,158.43,159.58,157.08,159.23,2198632,BPCL,526
389,2022-07-27T00:00:00,159.0,162.53,158.78,162.3,3257432,BPCL,526
390,2022-07-28T00:00:00,160.93,164.45,160.93,163.03,3466765,BPCL,526
391,2022-07-29T00:00:00,163.53,165.58,162.6,165.15,4802883,BPCL,526
392,2022-08-01T00:00:00,165.5,167.6,163.9,167.08,3110792,BPCL,526
393,2022-08-02T00:00:00,167.75,170.75,166.15,167.58,3831736,BPCL,526
394,2022-08-03T00:00:00,167.58,168.68,165.15,166.95,2039665,BPCL,526
395,2022-08-04T00:00:00,168.45,168.88,164.85,166.98,2511918,BPCL,526
396,2022-08-05T00:00:00,167.5,168.63,166.1,168.2,2557623,BPCL,526
397,2022-08-08T00:00:00,164.75,165.0,160.1,162.83,9472906,BPCL,526
398,2022-08-10T00:00:00,163.65,165.13,163.0,164.15,2871689,BPCL,526
399,2022-08-11T00:00:00,164.98,165.8,163.6,164.18,1688595,BPCL,526
400,2022-08-12T00:00:00,164.18,167.23,163.9,166.95,2642970,BPCL,526
401,2022-08-16T00:00:00,167.23,173.63,166.53,172.95,5360640,BPCL,526
402,2022-08-17T00:00:00,173.8,177.63,173.5,176.58,7073400,BPCL,526
403,2022-08-18T00:00:00,176.78,176.78,172.73,173.53,3559485,BPCL,526
404,2022-08-19T00:00:00,171.23,171.63,168.5,169.13,3731688,BPCL,526
405,2022-08-22T00:00:00,168.58,168.73,165.9,166.83,2113978,BPCL,526
406,2022-08-23T00:00:00,165.48,167.48,165.3,166.85,1559158,BPCL,526
407,2022-08-24T00:00:00,166.5,167.1,164.03,164.78,2594074,BPCL,526
408,2022-08-25T00:00:00,165.0,167.5,164.15,164.9,3210494,BPCL,526
409,2022-08-26T00:00:00,166.95,166.95,164.15,164.55,2063732,BPCL,526
410,2022-08-29T00:00:00,162.5,163.85,161.53,163.1,1625013,BPCL,526
411,2022-08-30T00:00:00,163.13,164.95,163.1,164.33,3169631,BPCL,526
412,2022-09-01T00:00:00,162.75,166.5,162.1,165.68,3370831,BPCL,526
413,2022-09-02T00:00:00,166.25,167.05,160.25,160.98,4839625,BPCL,526
414,2022-09-05T00:00:00,161.0,162.55,160.63,162.38,2392289,BPCL,526
415,2022-09-06T00:00:00,163.0,163.23,160.53,162.13,2549764,BPCL,526
416,2022-09-07T00:00:00,161.68,164.0,160.93,163.43,2764730,BPCL,526
417,2022-09-08T00:00:00,165.0,170.43,164.83,169.93,8667708,BPCL,526
418,2022-09-09T00:00:00,170.75,170.78,168.03,169.25,3467131,BPCL,526
419,2022-09-12T00:00:00,169.25,172.5,169.1,171.3,2703189,BPCL,526
420,2022-09-13T00:00:00,171.53,172.8,170.03,170.53,5175542,BPCL,526
421,2022-09-14T00:00:00,167.85,170.4,167.68,168.08,3431557,BPCL,526
422,2022-09-15T00:00:00,168.38,169.5,165.18,165.7,2496619,BPCL,526
423,2022-09-16T00:00:00,165.7,165.8,160.08,160.65,5968723,BPCL,526
424,2022-09-19T00:00:00,161.48,162.35,159.53,160.45,2736853,BPCL,526
425,2022-09-20T00:00:00,161.28,163.45,160.93,161.45,2795700,BPCL,526
426,2022-09-21T00:00:00,161.75,162.0,159.15,160.03,2253666,BPCL,526
427,2022-09-22T00:00:00,159.5,159.98,156.6,157.93,2676770,BPCL,526
428,2022-09-23T00:00:00,157.75,158.4,155.5,155.98,2758380,BPCL,526
429,2022-09-26T00:00:00,156.0,157.98,151.45,152.45,5467239,BPCL,526
430,2022-09-27T00:00:00,153.5,156.0,152.65,155.33,3133336,BPCL,526
431,2022-09-28T00:00:00,155.0,155.0,152.6,153.0,2225544,BPCL,526
432,2022-09-29T00:00:00,153.78,154.38,151.25,151.63,3266251,BPCL,526
433,2022-09-30T00:00:00,151.8,154.45,150.43,152.4,5591273,BPCL,526
434,2022-10-03T00:00:00,153.18,155.63,152.4,154.4,3542201,BPCL,526
435,2022-10-04T00:00:00,155.5,157.1,155.13,155.73,2133260,BPCL,526
436,2022-10-06T00:00:00,156.53,157.4,154.7,156.08,3486803,BPCL,526
437,2022-10-07T00:00:00,155.1,155.45,153.1,153.7,3218419,BPCL,526
438,2022-10-10T00:00:00,153.0,153.3,151.05,152.33,2365616,BPCL,526
439,2022-10-11T00:00:00,153.1,153.1,149.58,149.88,2652669,BPCL,526
440,2022-10-12T00:00:00,150.53,154.63,149.68,151.25,7395855,BPCL,526
441,2022-10-13T00:00:00,152.03,152.63,149.75,150.15,3029077,BPCL,526
442,2022-10-14T00:00:00,151.5,152.5,148.55,148.93,2577730,BPCL,526
443,2022-10-17T00:00:00,148.95,149.68,145.78,148.28,2672321,BPCL,526
444,2022-10-18T00:00:00,149.03,149.15,147.03,147.88,3287463,BPCL,526
445,2022-10-19T00:00:00,148.58,149.48,145.88,146.08,3014752,BPCL,526
446,2022-10-20T00:00:00,146.05,149.5,144.03,148.55,5130561,BPCL,526
447,2022-10-21T00:00:00,149.3,150.33,148.68,149.18,2189082,BPCL,526
448,2022-10-24T00:00:00,150.0,150.88,149.78,150.38,392995,BPCL,526
449,2022-10-25T00:00:00,150.85,152.5,148.68,151.3,2842331,BPCL,526
450,2022-10-27T00:00:00,151.3,153.3,151.28,152.8,3384803,BPCL,526
451,2022-10-28T00:00:00,153.25,154.25,151.05,151.65,2490422,BPCL,526
452,2022-10-31T00:00:00,152.43,153.0,150.7,151.83,4084060,BPCL,526
453,2022-11-01T00:00:00,151.83,152.9,151.1,152.18,3364574,BPCL,526
454,2022-11-02T00:00:00,152.25,152.95,151.75,152.6,2453666,BPCL,526
455,2022-11-03T00:00:00,152.6,153.85,151.75,152.55,2294074,BPCL,526
456,2022-11-04T00:00:00,152.78,152.78,149.4,150.68,3839115,BPCL,526
457,2022-11-07T00:00:00,151.25,155.08,151.0,154.88,3866221,BPCL,526
458,2022-11-09T00:00:00,155.55,155.93,152.98,153.43,2790297,BPCL,526
459,2022-11-10T00:00:00,153.0,153.98,152.1,152.75,1397871,BPCL,526
460,2022-11-11T00:00:00,153.53,155.28,152.73,154.45,2290032,BPCL,526
461,2022-11-14T00:00:00,154.75,155.0,153.53,153.83,1300007,BPCL,526
462,2022-11-15T00:00:00,153.9,154.8,152.85,154.45,2017679,BPCL,526
463,2022-11-16T00:00:00,154.45,154.85,152.9,153.23,1463405,BPCL,526
464,2022-11-17T00:00:00,153.5,153.9,152.28,152.6,1908123,BPCL,526
465,2022-11-18T00:00:00,153.38,153.38,151.2,152.05,2032860,BPCL,526
466,2022-11-21T00:00:00,152.83,155.48,152.15,155.15,3835853,BPCL,526
467,2022-11-22T00:00:00,155.13,155.68,152.88,153.43,3735515,BPCL,526
468,2022-11-23T00:00:00,153.05,155.38,153.05,155.08,2856730,BPCL,526
469,2022-11-24T00:00:00,155.73,161.0,155.28,160.5,8457461,BPCL,526
470,2022-11-25T00:00:00,160.5,163.13,158.2,162.23,4296778,BPCL,526
471,2022-11-28T00:00:00,163.5,170.95,163.5,170.38,13209249,BPCL,526
472,2022-11-29T00:00:00,170.75,171.18,168.1,169.53,5027834,BPCL,526
473,2022-11-30T00:00:00,169.53,171.88,167.9,170.58,5014866,BPCL,526
474,2022-12-01T00:00:00,171.0,171.88,168.53,169.3,2144667,BPCL,526
475,2022-12-02T00:00:00,169.75,171.68,169.15,170.55,2797809,BPCL,526
476,2022-12-05T00:00:00,170.45,170.9,168.75,169.2,2488273,BPCL,526
477,2022-12-06T00:00:00,169.95,170.55,164.05,164.28,5025573,BPCL,526
478,2022-12-07T00:00:00,165.38,168.5,165.25,167.18,7164298,BPCL,526
479,2022-12-08T00:00:00,168.38,168.65,166.28,167.88,2610226,BPCL,526
480,2022-12-09T00:00:00,170.0,170.0,167.43,169.23,5196173,BPCL,526
481,2022-12-12T00:00:00,168.98,174.93,167.3,174.5,6738965,BPCL,526
482,2022-12-13T00:00:00,174.5,174.5,172.55,173.08,3875485,BPCL,526
483,2022-12-14T00:00:00,173.35,175.4,172.85,174.38,4817925,BPCL,526
484,2022-12-15T00:00:00,174.38,175.73,173.0,174.58,2954406,BPCL,526
485,2022-12-16T00:00:00,174.58,175.5,170.4,170.88,4740663,BPCL,526
486,2022-12-19T00:00:00,171.23,171.98,167.85,170.65,2722115,BPCL,526
487,2022-12-20T00:00:00,170.83,171.05,167.13,170.13,2807156,BPCL,526
488,2022-12-21T00:00:00,170.5,171.48,166.05,167.05,2585450,BPCL,526
489,2022-12-22T00:00:00,167.0,167.95,162.35,163.95,3067948,BPCL,526
490,2022-12-23T00:00:00,162.5,164.45,161.08,162.55,2901038,BPCL,526
491,2022-12-26T00:00:00,161.5,164.2,161.08,162.55,1688781,BPCL,526
492,2022-12-27T00:00:00,162.7,164.15,161.35,163.0,1409537,BPCL,526
493,2022-12-28T00:00:00,163.0,163.3,161.08,162.05,4740777,BPCL,526
494,2022-12-29T00:00:00,162.05,164.0,160.08,163.6,3097556,BPCL,526
495,2022-12-30T00:00:00,164.0,166.5,163.78,165.25,2099564,BPCL,526
496,2023-01-02T00:00:00,165.03,167.35,163.78,166.93,2202793,BPCL,526
497,2023-01-03T00:00:00,166.93,169.0,165.8,168.43,2632326,BPCL,526
498,2023-01-04T00:00:00,169.28,170.4,167.08,168.15,2924237,BPCL,526
499,2023-01-05T00:00:00,168.5,171.48,167.8,171.18,3714145,BPCL,526
500,2023-01-06T00:00:00,171.0,173.28,170.13,172.35,3682205,BPCL,526
501,2023-01-09T00:00:00,173.93,174.68,172.55,173.38,2259718,BPCL,526
502,2023-01-10T00:00:00,174.0,174.5,171.6,173.68,2381481,BPCL,526
503,2023-01-11T00:00:00,174.43,179.0,172.93,176.25,7174012,BPCL,526
504,2023-01-12T00:00:00,176.98,176.98,171.7,172.53,2931836,BPCL,526
505,2023-01-13T00:00:00,172.7,175.58,171.03,175.05,2716850,BPCL,526
506,2023-01-16T00:00:00,176.0,176.2,172.05,174.48,2849149,BPCL,526
507,2023-01-17T00:00:00,175.35,175.68,172.73,174.2,1738783,BPCL,526
508,2023-01-18T00:00:00,174.4,174.65,171.45,173.03,2049790,BPCL,526
509,2023-01-19T00:00:00,172.98,174.95,172.0,174.83,1639556,BPCL,526
510,2023-01-20T00:00:00,174.6,175.5,172.78,173.18,1996775,BPCL,526
511,2023-01-23T00:00:00,173.5,175.0,172.98,174.8,1681375,BPCL,526
512,2023-01-24T00:00:00,175.0,176.23,173.93,174.48,2376171,BPCL,526
513,2023-01-25T00:00:00,174.35,175.25,172.85,173.38,1933197,BPCL,526
514,2023-01-27T00:00:00,173.45,174.78,165.75,168.28,2625951,BPCL,526
515,2023-01-30T00:00:00,168.45,169.63,166.15,167.55,3197605,BPCL,526
516,2023-01-31T00:00:00,171.48,175.75,170.63,171.63,8994162,BPCL,526
517,2023-02-01T00:00:00,171.63,172.35,165.0,167.35,4179113,BPCL,526
518,2023-02-02T00:00:00,167.25,168.0,164.75,166.1,4514664,BPCL,526
519,2023-02-03T00:00:00,165.98,166.38,161.1,163.35,2826909,BPCL,526
520,2023-02-06T00:00:00,162.03,167.33,162.03,166.88,3305900,BPCL,526
521,2023-02-07T00:00:00,167.0,168.1,165.78,166.08,1740354,BPCL,526
522,2023-02-08T00:00:00,165.9,167.9,164.53,167.1,1249590,BPCL,526
523,2023-02-09T00:00:00,166.05,168.85,165.68,166.85,2137703,BPCL,526
524,2023-02-10T00:00:00,167.05,167.9,165.78,167.0,1275841,BPCL,526
525,2023-02-13T00:00:00,167.0,168.85,166.03,167.45,1793783,BPCL,526
526,2023-02-14T00:00:00,166.5,167.38,165.25,165.58,1192673,BPCL,526
527,2023-02-15T00:00:00,165.58,166.33,164.25,165.58,1764650,BPCL,526
528,2023-02-16T00:00:00,165.58,166.58,161.9,162.85,3753835,BPCL,526
529,2023-02-17T00:00:00,162.85,166.5,162.78,165.85,3351189,BPCL,526
530,2023-02-20T00:00:00,166.43,166.73,162.98,163.08,1773126,BPCL,526
531,2023-02-21T00:00:00,163.48,164.28,161.08,161.63,1481249,BPCL,526
532,2023-02-22T00:00:00,161.25,161.5,158.1,160.23,4089274,BPCL,526
533,2023-02-23T00:00:00,161.0,161.83,159.0,160.28,2745391,BPCL,526
534,2023-02-24T00:00:00,160.4,161.08,158.3,158.78,1897377,BPCL,526
535,2023-02-27T00:00:00,159.1,160.58,157.33,160.23,1981001,BPCL,526
536,2023-02-28T00:00:00,158.58,160.83,157.03,158.68,3926329,BPCL,526
537,2023-03-01T00:00:00,158.4,160.5,157.78,157.95,3495717,BPCL,526
538,2023-03-02T00:00:00,158.35,160.93,157.25,160.53,3384360,BPCL,526
539,2023-03-03T00:00:00,161.35,161.95,160.13,160.7,2113101,BPCL,526
540,2023-03-06T00:00:00,161.2,163.25,160.58,162.28,1814962,BPCL,526
541,2023-03-08T00:00:00,161.98,163.73,161.4,163.05,2392531,BPCL,526
542,2023-03-09T00:00:00,163.05,163.45,161.78,162.43,1947766,BPCL,526
543,2023-03-10T00:00:00,162.5,163.95,160.28,163.03,1758519,BPCL,526
544,2023-03-13T00:00:00,163.0,163.3,160.63,161.3,1955447,BPCL,526
545,2023-03-14T00:00:00,162.1,164.45,160.93,163.1,2947326,BPCL,526
546,2023-03-15T00:00:00,164.5,166.7,163.68,165.15,2755973,BPCL,526
547,2023-03-16T00:00:00,167.5,176.38,167.08,175.45,18287315,BPCL,526
548,2023-03-17T00:00:00,175.5,177.48,172.73,175.7,11694506,BPCL,526
549,2023-03-20T00:00:00,177.43,180.5,175.25,179.83,9246173,BPCL,526
550,2023-03-21T00:00:00,180.1,180.8,177.88,179.28,5125281,BPCL,526
551,2023-03-22T00:00:00,179.15,179.5,175.38,175.9,5967027,BPCL,526
552,2023-03-23T00:00:00,175.0,175.83,173.75,174.18,2573088,BPCL,526
553,2023-03-24T00:00:00,173.95,174.88,172.0,172.7,2937744,BPCL,526
554,2023-03-27T00:00:00,172.05,173.45,171.35,172.43,2122963,BPCL,526
555,2023-03-28T00:00:00,171.0,171.45,167.68,169.93,3427158,BPCL,526
556,2023-03-29T00:00:00,170.0,171.2,168.15,169.93,2985920,BPCL,526
557,2023-03-31T00:00:00,172.45,173.2,170.48,172.15,5068755,BPCL,526
558,2023-04-03T00:00:00,169.0,169.0,164.58,164.98,9432372,BPCL,526
559,2023-04-05T00:00:00,165.95,166.45,163.5,164.03,4124579,BPCL,526
560,2023-04-06T00:00:00,164.65,166.75,164.53,166.0,2383915,BPCL,526
561,2023-04-10T00:00:00,166.0,168.4,165.8,167.9,2465309,BPCL,526
562,2023-04-11T00:00:00,168.08,169.75,167.58,169.55,1364947,BPCL,526
563,2023-04-12T00:00:00,169.55,169.63,167.55,168.65,2130087,BPCL,526
564,2023-04-13T00:00:00,169.45,169.45,165.33,166.13,4173647,BPCL,526
565,2023-04-17T00:00:00,166.13,168.0,165.15,167.85,1452781,BPCL,526
566,2023-04-18T00:00:00,167.85,169.03,166.4,167.4,2903211,BPCL,526
567,2023-04-19T00:00:00,167.48,171.65,166.85,171.0,4926432,BPCL,526
568,2023-04-20T00:00:00,171.98,172.5,170.68,171.85,2432509,BPCL,526
569,2023-04-21T00:00:00,171.9,174.45,171.3,173.1,3276344,BPCL,526
570,2023-04-24T00:00:00,173.1,173.9,171.38,173.6,2122912,BPCL,526
571,2023-04-25T00:00:00,172.63,174.28,172.63,173.75,1542196,BPCL,526
572,2023-04-26T00:00:00,173.4,174.75,172.55,174.5,1319897,BPCL,526
573,2023-04-27T00:00:00,175.0,178.25,174.43,177.83,3635526,BPCL,526
574,2023-04-28T00:00:00,178.0,179.15,176.23,178.8,3371468,BPCL,526
575,2023-05-02T00:00:00,179.15,182.45,179.0,180.55,3212980,BPCL,526
576,2023-05-03T00:00:00,181.63,183.9,179.93,180.4,4356479,BPCL,526
577,2023-05-04T00:00:00,181.9,184.58,180.58,184.18,4141143,BPCL,526
578,2023-05-05T00:00:00,183.55,184.83,182.03,182.73,1650115,BPCL,526
579,2023-05-08T00:00:00,182.73,184.35,181.23,183.85,1200364,BPCL,526
580,2023-05-09T00:00:00,182.93,185.0,182.35,183.53,2089839,BPCL,526
581,2023-05-10T00:00:00,184.0,186.5,182.7,186.08,2780978,BPCL,526
582,2023-05-11T00:00:00,186.58,187.45,185.75,186.28,1693684,BPCL,526
583,2023-05-12T00:00:00,185.95,185.95,179.5,180.95,3895907,BPCL,526
584,2023-05-15T00:00:00,181.0,181.93,178.18,178.5,2404765,BPCL,526
585,2023-05-16T00:00:00,179.13,183.15,178.5,181.15,3786371,BPCL,526
586,2023-05-17T00:00:00,183.38,184.75,181.98,182.38,3879878,BPCL,526
587,2023-05-18T00:00:00,183.0,183.0,180.05,180.35,1713445,BPCL,526
588,2023-05-19T00:00:00,180.05,181.25,178.8,180.15,1157763,BPCL,526
589,2023-05-22T00:00:00,180.98,181.38,179.28,180.8,1603444,BPCL,526
590,2023-05-23T00:00:00,183.5,185.5,182.5,183.3,5971589,BPCL,526
591,2023-05-24T00:00:00,183.28,184.55,180.93,181.65,1875480,BPCL,526
592,2023-05-25T00:00:00,181.5,182.1,180.18,181.65,1676285,BPCL,526
593,2023-05-26T00:00:00,182.5,183.5,181.55,182.15,1092796,BPCL,526
594,2023-05-29T00:00:00,182.15,183.65,180.5,180.85,1170519,BPCL,526
595,2023-05-30T00:00:00,181.5,182.0,180.0,180.2,1361344,BPCL,526
596,2023-05-31T00:00:00,180.2,183.23,180.1,181.75,11607240,BPCL,526
597,2023-06-01T00:00:00,182.65,184.45,182.05,182.28,1768641,BPCL,526
598,2023-06-02T00:00:00,182.3,183.4,179.55,180.03,3466237,BPCL,526
599,2023-06-05T00:00:00,180.05,181.0,177.5,178.4,2929068,BPCL,526
600,2023-06-06T00:00:00,178.53,179.5,177.3,178.08,2106537,BPCL,526
601,2023-06-07T00:00:00,178.5,184.75,178.38,184.05,6415428,BPCL,526
602,2023-06-08T00:00:00,183.8,183.8,180.15,180.55,3582191,BPCL,526
603,2023-06-09T00:00:00,180.55,182.0,179.4,179.73,1542985,BPCL,526
604,2023-06-12T00:00:00,180.25,186.25,180.1,185.83,4717149,BPCL,526
605,2023-06-13T00:00:00,187.25,188.45,186.2,186.8,3987317,BPCL,526
606,2023-06-14T00:00:00,186.75,189.25,185.45,186.78,3357184,BPCL,526
607,2023-06-15T00:00:00,187.55,190.23,186.5,189.45,6105440,BPCL,526
608,2023-06-16T00:00:00,188.5,189.35,187.2,188.4,2139294,BPCL,526
609,2023-06-19T00:00:00,188.5,189.35,187.08,187.38,1517385,BPCL,526
610,2023-06-20T00:00:00,187.5,187.53,185.75,186.23,1207938,BPCL,526
611,2023-06-21T00:00:00,186.23,187.38,185.68,186.4,1340149,BPCL,526
612,2023-06-22T00:00:00,185.7,189.35,185.58,186.7,2012064,BPCL,526
613,2023-06-23T00:00:00,185.1,185.5,179.15,179.8,5467448,BPCL,526
614,2023-06-26T00:00:00,180.93,181.43,177.83,179.15,2640640,BPCL,526
615,2023-06-27T00:00:00,180.5,181.85,179.0,180.18,3392266,BPCL,526
616,2023-06-28T00:00:00,180.28,183.4,179.6,182.7,3583386,BPCL,526
617,2023-06-30T00:00:00,182.93,184.4,180.63,182.35,4195830,BPCL,526
618,2023-07-03T00:00:00,182.6,189.98,181.7,187.65,6214981,BPCL,526
619,2023-07-04T00:00:00,187.65,189.18,186.58,188.33,2695164,BPCL,526
620,2023-07-05T00:00:00,188.33,193.55,187.5,193.28,6282683,BPCL,526
621,2023-07-06T00:00:00,193.28,198.58,192.5,196.65,6540267,BPCL,526
622,2023-07-07T00:00:00,196.5,198.95,194.65,195.83,3263989,BPCL,526
623,2023-07-10T00:00:00,196.0,196.58,192.05,193.1,3632269,BPCL,526
624,2023-07-11T00:00:00,194.0,195.88,192.7,195.45,3124657,BPCL,526
625,2023-07-12T00:00:00,195.25,196.38,192.53,193.1,1689852,BPCL,526
626,2023-07-13T00:00:00,193.35,193.83,189.33,189.78,2278056,BPCL,526
627,2023-07-14T00:00:00,190.0,190.88,187.8,189.78,3179458,BPCL,526
628,2023-07-17T00:00:00,190.0,191.9,189.5,190.88,1972353,BPCL,526
629,2023-07-18T00:00:00,191.98,193.85,189.2,189.48,2272930,BPCL,526
630,2023-07-19T00:00:00,190.0,192.75,189.28,192.28,2447431,BPCL,526
631,2023-07-20T00:00:00,192.98,194.55,191.63,193.98,2895054,BPCL,526
632,2023-07-21T00:00:00,193.98,196.5,193.0,195.33,2338785,BPCL,526
633,2023-07-24T00:00:00,195.2,195.95,193.83,194.78,1498884,BPCL,526
634,2023-07-25T00:00:00,193.9,195.45,192.15,193.2,2128093,BPCL,526
635,2023-07-26T00:00:00,193.95,197.5,191.88,193.6,6393917,BPCL,526
636,2023-07-27T00:00:00,195.0,195.83,181.58,189.63,8229692,BPCL,526
637,2023-07-28T00:00:00,189.9,189.9,186.05,186.73,3629722,BPCL,526
638,2023-07-31T00:00:00,186.85,189.23,185.83,188.75,5017674,BPCL,526
639,2023-08-01T00:00:00,188.75,189.9,187.13,188.75,4561422,BPCL,526
640,2023-08-02T00:00:00,188.9,189.35,183.75,184.55,4764120,BPCL,526
641,2023-08-03T00:00:00,184.73,185.88,182.15,184.0,3202444,BPCL,526
642,2023-08-04T00:00:00,184.08,185.43,180.03,180.2,3278751,BPCL,526
643,2023-08-07T00:00:00,181.5,181.73,179.05,180.33,2001128,BPCL,526
644,2023-08-08T00:00:00,181.25,181.93,178.2,178.93,3153990,BPCL,526
645,2023-08-09T00:00:00,180.0,180.85,179.03,180.18,3221858,BPCL,526
646,2023-08-10T00:00:00,180.93,182.5,179.78,181.33,4068688,BPCL,526
647,2023-08-11T00:00:00,179.65,180.75,178.45,178.78,2789401,BPCL,526
648,2023-08-14T00:00:00,179.0,179.45,175.65,178.28,2555534,BPCL,526
649,2023-08-16T00:00:00,178.38,180.75,177.08,178.95,1932044,BPCL,526
650,2023-08-17T00:00:00,179.5,180.15,177.18,178.48,2389303,BPCL,526
651,2023-08-18T00:00:00,178.48,179.18,176.03,176.45,2388652,BPCL,526
652,2023-08-21T00:00:00,176.45,177.45,175.33,176.03,2590382,BPCL,526
653,2023-08-22T00:00:00,176.05,177.35,173.25,173.45,4007669,BPCL,526
654,2023-08-23T00:00:00,174.58,174.73,172.13,172.4,3207105,BPCL,526
655,2023-08-24T00:00:00,173.73,176.43,173.08,175.63,4370878,BPCL,526
656,2023-08-25T00:00:00,175.65,177.08,174.5,175.13,2556881,BPCL,526
657,2023-08-28T00:00:00,177.63,178.95,176.15,177.65,5492785,BPCL,526
658,2023-08-29T00:00:00,178.0,179.3,177.4,178.4,3126869,BPCL,526
659,2023-08-30T00:00:00,176.6,177.4,175.1,175.98,4854716,BPCL,526
660,2023-08-31T00:00:00,175.5,176.0,169.55,170.28,6787825,BPCL,526
661,2023-09-01T00:00:00,170.53,172.45,170.28,172.1,4990376,BPCL,526
662,2023-09-04T00:00:00,172.33,174.38,171.4,172.35,3449286,BPCL,526
663,2023-09-05T00:00:00,172.95,176.3,172.63,175.1,4181589,BPCL,526
664,2023-09-06T00:00:00,174.98,176.93,174.03,176.58,3375527,BPCL,526
665,2023-09-07T00:00:00,177.0,178.13,176.58,177.3,3624673,BPCL,526
666,2023-09-08T00:00:00,177.38,182.25,177.03,180.98,5172065,BPCL,526
667,2023-09-11T00:00:00,182.6,184.38,180.35,181.88,5226425,BPCL,526
668,2023-09-12T00:00:00,182.5,182.75,173.53,174.2,9084111,BPCL,526
669,2023-09-13T00:00:00,175.3,178.08,173.6,177.8,4856859,BPCL,526
670,2023-09-14T00:00:00,179.0,181.13,178.05,179.38,5058369,BPCL,526
671,2023-09-15T00:00:00,178.98,179.28,175.63,176.13,6191704,BPCL,526
672,2023-09-18T00:00:00,176.13,180.55,175.33,180.18,5003744,BPCL,526
673,2023-09-20T00:00:00,177.0,178.4,175.6,176.28,9146076,BPCL,526
674,2023-09-21T00:00:00,176.5,179.25,175.9,177.63,4939771,BPCL,526
675,2023-09-22T00:00:00,177.75,178.75,175.68,175.98,1991051,BPCL,526
676,2023-09-25T00:00:00,176.7,176.75,174.03,175.95,2479876,BPCL,526
677,2023-09-26T00:00:00,175.95,177.43,175.45,175.83,1894180,BPCL,526
678,2023-09-27T00:00:00,175.83,176.6,173.3,174.5,2984523,BPCL,526
679,2023-09-28T00:00:00,173.53,175.0,171.0,171.98,4850989,BPCL,526
680,2023-09-29T00:00:00,172.88,174.08,172.5,173.3,1334935,BPCL,526
681,2023-10-03T00:00:00,174.25,174.6,170.43,170.68,5257277,BPCL,526
682,2023-10-04T00:00:00,170.68,172.48,169.78,170.68,3024880,BPCL,526
683,2023-10-05T00:00:00,172.75,173.88,171.4,172.23,3557753,BPCL,526
684,2023-10-06T00:00:00,172.5,174.5,172.0,173.6,1858538,BPCL,526
685,2023-10-09T00:00:00,170.5,170.83,168.08,170.0,4370040,BPCL,526
686,2023-10-10T00:00:00,170.03,171.3,169.6,170.2,1786489,BPCL,526
687,2023-10-11T00:00:00,171.1,172.65,170.75,171.28,2399756,BPCL,526
688,2023-10-12T00:00:00,172.45,175.18,172.03,174.35,3851901,BPCL,526
689,2023-10-13T00:00:00,173.55,175.3,173.53,173.85,1990902,BPCL,526
690,2023-10-16T00:00:00,172.5,174.23,171.0,173.63,1631235,BPCL,526
691,2023-10-17T00:00:00,174.45,178.85,173.35,177.35,5221864,BPCL,526
692,2023-10-18T00:00:00,177.5,178.25,174.43,175.1,4581114,BPCL,526
693,2023-10-19T00:00:00,174.75,177.28,174.58,176.85,2871594,BPCL,526
694,2023-10-20T00:00:00,175.3,176.4,172.28,173.2,2200345,BPCL,526
695,2023-10-23T00:00:00,172.78,173.65,170.83,171.4,3906900,BPCL,526
696,2023-10-25T00:00:00,171.28,173.25,169.25,169.98,2714887,BPCL,526
697,2023-10-26T00:00:00,168.8,169.48,165.73,167.5,3871939,BPCL,526
698,2023-10-27T00:00:00,167.5,169.13,167.0,167.48,1498044,BPCL,526
699,2023-10-30T00:00:00,169.0,174.45,168.55,173.45,10936594,BPCL,526
700,2023-10-31T00:00:00,174.18,176.98,172.33,174.63,5336593,BPCL,526
701,2023-11-01T00:00:00,175.28,179.38,175.28,178.45,6964890,BPCL,526
702,2023-11-02T00:00:00,180.48,181.0,178.63,180.28,5065216,BPCL,526
703,2023-11-03T00:00:00,180.58,181.85,180.1,180.75,2813950,BPCL,526
704,2023-11-06T00:00:00,181.4,184.58,180.68,183.13,4536010,BPCL,526
705,2023-11-07T00:00:00,183.4,186.83,183.1,186.4,5351088,BPCL,526
706,2023-11-08T00:00:00,187.73,193.95,187.03,192.1,12010456,BPCL,526
707,2023-11-09T00:00:00,192.55,195.33,191.4,191.78,6421948,BPCL,526
708,2023-11-10T00:00:00,190.9,193.05,190.25,192.03,2466243,BPCL,526
709,2023-11-12T00:00:00,192.5,194.0,191.58,192.05,388405,BPCL,526
710,2023-11-13T00:00:00,191.75,194.35,191.75,193.55,2419453,BPCL,526
711,2023-11-15T00:00:00,194.0,196.7,193.58,196.28,5633125,BPCL,526
712,2023-11-16T00:00:00,197.0,200.65,196.5,199.33,7708086,BPCL,526
713,2023-11-17T00:00:00,200.0,203.55,194.63,195.13,8190348,BPCL,526
714,2023-11-20T00:00:00,195.33,196.7,193.73,196.0,2253441,BPCL,526
715,2023-11-21T00:00:00,196.0,196.6,193.3,194.0,2238607,BPCL,526
716,2023-11-22T00:00:00,196.0,201.4,195.55,201.05,12865332,BPCL,526
717,2023-11-23T00:00:00,201.78,206.75,200.33,205.65,8119546,BPCL,526
718,2023-11-24T00:00:00,206.5,206.5,203.5,205.3,5487773,BPCL,526
719,2023-11-28T00:00:00,207.03,212.95,206.55,212.25,11593428,BPCL,526
720,2023-11-29T00:00:00,213.0,217.23,209.35,214.33,12604406,BPCL,526
721,2023-11-30T00:00:00,217.25,219.38,214.53,217.85,16360654,BPCL,526
722,2023-12-01T00:00:00,220.0,221.2,216.7,219.0,9639421,BPCL,526
723,2023-12-04T00:00:00,222.5,232.4,222.0,230.75,20741397,BPCL,526
724,2023-12-05T00:00:00,235.03,238.23,232.5,236.1,19188032,BPCL,526
725,2023-12-06T00:00:00,240.5,241.25,234.15,236.43,13704413,BPCL,526
726,2023-12-07T00:00:00,238.5,239.5,235.75,237.35,11925282,BPCL,526
727,2023-12-08T00:00:00,238.45,238.73,232.9,235.23,9470239,BPCL,526
728,2023-12-11T00:00:00,237.43,237.43,228.28,232.75,13846554,BPCL,526
729,2023-12-12T00:00:00,222.75,225.73,222.75,223.78,9970160,BPCL,526
730,2023-12-13T00:00:00,224.75,227.18,222.98,223.75,13332009,BPCL,526
731,2023-12-14T00:00:00,224.98,224.98,221.03,222.85,6277784,BPCL,526
732,2023-12-15T00:00:00,222.5,226.73,221.1,224.5,11039574,BPCL,526
733,2023-12-18T00:00:00,224.5,225.13,222.05,223.63,8415532,BPCL,526
734,2023-12-19T00:00:00,223.63,225.75,222.53,224.88,6322336,BPCL,526
735,2023-12-20T00:00:00,226.7,227.68,219.18,219.73,8673989,BPCL,526
736,2023-12-21T00:00:00,217.45,225.23,216.23,224.78,9277207,BPCL,526
737,2023-12-22T00:00:00,224.85,226.68,222.53,223.33,5779632,BPCL,526
738,2023-12-26T00:00:00,224.0,228.25,222.25,225.8,11488225,BPCL,526
739,2023-12-27T00:00:00,226.98,228.2,224.15,227.35,6199044,BPCL,526
740,2023-12-28T00:00:00,228.0,235.43,227.38,232.9,22591668,BPCL,526
741,2023-12-29T00:00:00,227.25,229.0,224.33,225.33,8544220,BPCL,526
742,2024-01-01T00:00:00,229.7,229.7,225.35,226.03,3503144,BPCL,526
743,2024-01-02T00:00:00,226.03,229.7,224.05,228.13,4729409,BPCL,526
744,2024-01-03T00:00:00,229.98,232.65,227.53,230.53,7529442,BPCL,526
745,2024-01-04T00:00:00,228.4,228.75,225.5,226.33,8952458,BPCL,526
746,2024-01-05T00:00:00,227.95,229.83,225.63,226.55,4040234,BPCL,526
747,2024-01-08T00:00:00,228.48,232.15,225.73,227.5,9116305,BPCL,526
748,2024-01-09T00:00:00,230.0,231.88,227.83,229.98,6150645,BPCL,526
749,2024-01-10T00:00:00,227.6,228.08,222.55,225.63,7630996,BPCL,526
750,2024-01-11T00:00:00,226.95,230.6,226.6,229.35,7875626,BPCL,526
751,2024-01-12T00:00:00,229.5,230.55,227.55,229.13,5995406,BPCL,526
752,2024-01-15T00:00:00,230.0,231.75,227.83,229.98,5204191,BPCL,526
753,2024-01-16T00:00:00,230.5,239.9,230.25,236.43,21184750,BPCL,526
754,2024-01-17T00:00:00,236.0,238.58,233.08,235.83,11214642,BPCL,526
755,2024-01-18T00:00:00,233.5,240.45,230.5,236.6,9901151,BPCL,526
756,2024-01-19T00:00:00,238.0,242.5,237.03,240.48,6486928,BPCL,526
757,2024-01-20T00:00:00,242.0,243.0,240.0,241.55,3811138,BPCL,526
758,2024-01-23T00:00:00,244.25,244.25,230.05,231.53,9209775,BPCL,526
759,2024-01-24T00:00:00,232.5,239.25,231.65,238.58,7580656,BPCL,526
760,2024-01-25T00:00:00,238.6,244.18,235.5,237.2,10673337,BPCL,526
761,2024-01-29T00:00:00,237.0,250.7,234.7,246.33,13934742,BPCL,526
762,2024-01-30T00:00:00,248.43,258.93,246.58,252.1,22135938,BPCL,526
763,2024-01-31T00:00:00,252.98,256.28,249.28,251.18,10353868,BPCL,526
764,2024-02-01T00:00:00,252.28,257.65,249.55,254.23,7004099,BPCL,526
765,2024-02-02T00:00:00,258.68,286.2,258.0,279.18,38778041,BPCL,526
766,2024-02-05T00:00:00,283.0,294.4,278.53,287.38,22512945,BPCL,526
767,2024-02-06T00:00:00,289.98,307.35,285.35,304.65,22630328,BPCL,526
768,2024-02-07T00:00:00,308.4,310.0,299.65,301.03,14395859,BPCL,526
769,2024-02-08T00:00:00,304.0,317.68,303.2,310.25,18761294,BPCL,526
770,2024-02-09T00:00:00,311.5,311.85,296.15,307.15,14762133,BPCL,526
771,2024-02-12T00:00:00,307.4,309.3,291.88,295.23,8521118,BPCL,526
772,2024-02-13T00:00:00,295.98,298.28,290.18,292.15,6329971,BPCL,526
773,2024-02-14T00:00:00,291.0,314.68,291.0,311.83,23993681,BPCL,526
774,2024-02-15T00:00:00,315.0,328.48,311.55,326.38,25622509,BPCL,526
775,2024-02-16T00:00:00,333.0,343.98,325.95,327.3,27872405,BPCL,526
776,2024-02-19T00:00:00,329.95,333.35,325.43,326.28,12498635,BPCL,526
777,2024-02-20T00:00:00,326.28,332.0,318.63,328.8,10456755,BPCL,526
778,2024-02-21T00:00:00,331.8,333.93,315.0,316.6,8861132,BPCL,526
779,2024-02-22T00:00:00,314.5,315.43,305.43,312.95,13826790,BPCL,526
780,2024-02-23T00:00:00,311.03,314.75,307.63,308.98,6282345,BPCL,526
781,2024-02-26T00:00:00,308.5,316.8,302.05,313.58,11632098,BPCL,526
782,2024-02-27T00:00:00,313.55,316.35,308.15,312.53,7440601,BPCL,526
783,2024-02-28T00:00:00,312.43,312.78,303.05,304.65,6322961,BPCL,526
784,2024-02-29T00:00:00,304.5,305.9,297.23,301.93,10257732,BPCL,526
785,2024-03-01T00:00:00,305.5,313.63,304.5,311.65,7881618,BPCL,526
786,2024-03-02T00:00:00,312.5,314.98,309.2,312.6,312763,BPCL,526
787,2024-03-04T00:00:00,312.6,321.63,310.43,320.23,7402086,BPCL,526
788,2024-03-05T00:00:00,320.53,324.75,316.05,322.55,6158968,BPCL,526
789,2024-03-06T00:00:00,321.5,326.5,312.63,319.18,9129094,BPCL,526
790,2024-03-07T00:00:00,318.5,320.58,311.0,312.35,5984287,BPCL,526
791,2024-03-11T00:00:00,308.5,319.35,306.03,313.2,7676504,BPCL,526
792,2024-03-12T00:00:00,313.5,317.68,308.33,312.73,7037182,BPCL,526
793,2024-03-13T00:00:00,314.0,314.0,297.1,298.88,7455092,BPCL,526
794,2024-03-14T00:00:00,298.88,307.0,296.2,304.38,9686237,BPCL,526
795,2024-03-15T00:00:00,294.13,300.0,279.5,293.23,28519659,BPCL,526
796,2024-03-18T00:00:00,293.23,296.4,290.15,291.15,5490247,BPCL,526
797,2024-03-19T00:00:00,290.0,290.43,278.2,278.85,10832817,BPCL,526
798,2024-03-20T00:00:00,280.5,286.2,280.15,283.33,8764283,BPCL,526
799,2024-03-21T00:00:00,287.0,294.85,286.28,293.9,8312666,BPCL,526
800,2024-03-22T00:00:00,294.5,302.23,292.28,296.4,10722770,BPCL,526
801,2024-03-26T00:00:00,293.2,301.9,292.68,299.93,6783525,BPCL,526
802,2024-03-27T00:00:00,302.5,305.88,296.65,297.6,5446788,BPCL,526
803,2024-03-28T00:00:00,300.45,305.63,298.8,301.2,6084316,BPCL,526
804,2024-04-01T00:00:00,301.5,304.48,299.08,300.35,3130057,BPCL,526
805,2024-04-02T00:00:00,302.5,310.15,300.0,307.9,9472294,BPCL,526
806,2024-04-03T00:00:00,306.5,309.68,304.4,305.48,6228258,BPCL,526
807,2024-04-04T00:00:00,307.0,308.05,297.73,299.25,7593635,BPCL,526
808,2024-04-05T00:00:00,296.78,297.15,290.13,295.23,8773495,BPCL,526
809,2024-04-08T00:00:00,297.98,301.8,295.3,295.98,5814256,BPCL,526
810,2024-04-09T00:00:00,298.6,298.6,291.75,292.88,4544926,BPCL,526
811,2024-04-10T00:00:00,294.65,304.35,292.5,302.38,11143337,BPCL,526
812,2024-04-12T00:00:00,302.38,306.43,299.5,300.6,6709683,BPCL,526
813,2024-04-15T00:00:00,295.1,299.9,287.2,294.78,8309537,BPCL,526
814,2024-04-16T00:00:00,292.5,300.0,289.28,296.15,5773385,BPCL,526
815,2024-04-18T00:00:00,302.25,308.8,292.78,294.8,12917200,BPCL,526
816,2024-04-19T00:00:00,289.0,294.95,282.1,292.9,10498042,BPCL,526
817,2024-04-22T00:00:00,297.43,304.4,296.5,301.73,8762809,BPCL,526
818,2024-04-23T00:00:00,304.15,304.75,295.88,296.5,5720301,BPCL,526
819,2024-04-24T00:00:00,299.0,299.43,296.0,296.68,4889468,BPCL,526
820,2024-04-25T00:00:00,296.68,302.9,294.03,301.7,7173378,BPCL,526
821,2024-04-26T00:00:00,301.15,307.35,299.55,304.73,4952528,BPCL,526
822,2024-04-29T00:00:00,307.48,312.25,303.6,309.4,7954426,BPCL,526
823,2024-04-30T00:00:00,312.0,312.28,301.7,303.68,6260348,BPCL,526
824,2024-05-02T00:00:00,309.0,318.53,307.25,317.33,15883066,BPCL,526
825,2024-05-03T00:00:00,320.0,320.85,312.55,314.93,4498668,BPCL,526
826,2024-05-06T00:00:00,317.5,317.6,303.08,305.13,4736018,BPCL,526
827,2024-05-07T00:00:00,311.25,314.23,301.0,302.15,9951119,BPCL,526
828,2024-05-08T00:00:00,304.0,312.15,301.73,310.15,6969584,BPCL,526
829,2024-05-09T00:00:00,312.5,312.5,295.03,296.08,9969424,BPCL,526
830,2024-05-10T00:00:00,307.5,310.98,300.78,309.33,22082171,BPCL,526
831,2024-05-13T00:00:00,312.48,312.48,295.9,303.45,11449326,BPCL,526
832,2024-05-14T00:00:00,306.2,308.85,301.08,302.98,6406657,BPCL,526
833,2024-05-15T00:00:00,304.5,314.0,303.53,312.53,9417506,BPCL,526
834,2024-05-16T00:00:00,316.0,316.68,305.53,309.38,13443468,BPCL,526
835,2024-05-17T00:00:00,309.85,314.75,309.18,314.15,5101693,BPCL,526
836,2024-05-18T00:00:00,314.5,315.28,313.5,314.5,518349,BPCL,526
837,2024-05-21T00:00:00,315.0,324.5,312.5,322.0,10623880,BPCL,526
838,2024-05-22T00:00:00,324.95,325.35,315.53,320.25,7336905,BPCL,526
839,2024-05-23T00:00:00,322.5,327.05,320.3,323.73,7491275,BPCL,526
840,2024-05-24T00:00:00,323.5,331.68,320.8,327.05,8104262,BPCL,526
841,2024-05-27T00:00:00,328.4,330.88,323.25,328.03,6246791,BPCL,526
842,2024-05-28T00:00:00,328.98,329.5,321.3,323.25,4475041,BPCL,526
843,2024-05-29T00:00:00,320.0,321.48,316.2,316.78,5376708,BPCL,526
844,2024-05-30T00:00:00,317.03,318.4,311.75,312.88,4822844,BPCL,526
845,2024-05-31T00:00:00,315.0,317.2,308.8,313.9,9242052,BPCL,526
846,2024-06-03T00:00:00,332.5,343.5,325.85,333.08,16914117,BPCL,526
847,2024-06-04T00:00:00,335.0,335.0,283.35,290.1,22874263,BPCL,526
848,2024-06-05T00:00:00,301.03,301.03,267.1,290.55,23694087,BPCL,526
849,2024-06-06T00:00:00,295.53,303.73,290.13,292.08,18967116,BPCL,526
850,2024-06-07T00:00:00,292.5,301.0,290.6,299.9,10810315,BPCL,526
851,2024-06-10T00:00:00,302.65,304.93,300.13,301.3,7414297,BPCL,526
852,2024-06-11T00:00:00,303.15,306.35,296.8,303.6,13513772,BPCL,526
853,2024-06-12T00:00:00,310.75,311.93,306.23,306.68,11739694,BPCL,526
854,2024-06-13T00:00:00,309.5,310.75,306.75,309.68,6025162,BPCL,526
855,2024-06-14T00:00:00,311.15,314.65,309.13,313.33,7314322,BPCL,526
856,2024-06-18T00:00:00,317.5,317.5,313.2,315.45,7942475,BPCL,526
857,2024-06-19T00:00:00,317.1,317.1,307.5,307.9,9824003,BPCL,526
858,2024-06-20T00:00:00,310.0,314.4,306.4,313.13,9038323,BPCL,526
859,2024-06-21T00:00:00,318.0,319.0,305.1,307.6,30004484,BPCL,526
860,2024-06-24T00:00:00,309.7,309.7,303.3,305.25,7557297,BPCL,526
861,2024-06-25T00:00:00,305.25,306.45,294.8,296.3,15630568,BPCL,526
862,2024-06-26T00:00:00,298.0,300.85,296.25,298.4,7973173,BPCL,526
863,2024-06-27T00:00:00,298.8,307.0,296.05,304.85,12487595,BPCL,526
864,2024-06-28T00:00:00,305.85,306.6,301.55,303.95,9077880,BPCL,526
865,2024-07-01T00:00:00,305.7,306.85,303.3,304.55,4793023,BPCL,526
866,2024-07-02T00:00:00,304.0,308.25,302.2,304.4,5553786,BPCL,526
867,2024-07-03T00:00:00,305.5,307.45,303.0,306.6,4355165,BPCL,526
868,2024-07-04T00:00:00,306.6,308.5,301.95,303.0,6607472,BPCL,526
869,2024-07-05T00:00:00,303.0,307.2,302.0,306.65,7684768,BPCL,526
870,2024-07-08T00:00:00,304.6,307.95,298.8,299.5,11488688,BPCL,526
871,2024-07-09T00:00:00,301.25,302.15,296.4,300.2,18094862,BPCL,526
872,2024-07-10T00:00:00,300.8,301.8,293.4,300.35,12134270,BPCL,526
873,2024-07-11T00:00:00,302.0,308.0,299.6,306.6,19246022,BPCL,526
874,2024-07-12T00:00:00,309.7,310.95,303.75,304.55,10426157,BPCL,526
875,2024-07-15T00:00:00,306.0,309.0,304.15,307.75,8687357,BPCL,526
876,2024-07-16T00:00:00,308.0,319.25,308.0,315.95,28132502,BPCL,526
877,2024-07-18T00:00:00,318.5,319.0,312.7,318.15,19588548,BPCL,526
878,2024-07-22T00:00:00,304.55,317.15,300.1,308.25,27102699,BPCL,526
879,2024-07-23T00:00:00,311.45,312.3,296.1,306.0,24287234,BPCL,526
880,2024-07-24T00:00:00,306.4,315.85,304.85,314.95,16934157,BPCL,526
881,2024-07-25T00:00:00,312.95,327.15,310.8,326.15,30554549,BPCL,526
882,2024-07-26T00:00:00,327.95,329.4,323.4,328.8,21839106,BPCL,526
883,2024-07-29T00:00:00,333.4,338.95,331.05,337.9,20234464,BPCL,526
884,2024-07-30T00:00:00,338.55,359.05,337.3,348.2,45785745,BPCL,526
885,2024-07-31T00:00:00,352.0,354.1,346.15,350.05,17224023,BPCL,526
886,2024-08-01T00:00:00,351.0,351.9,344.6,349.1,16959971,BPCL,526
887,2024-08-02T00:00:00,346.9,350.95,340.05,347.1,15120989,BPCL,526
888,2024-08-05T00:00:00,342.0,346.95,334.4,341.7,23868328,BPCL,526
889,2024-08-06T00:00:00,343.0,349.65,333.4,334.7,13702018,BPCL,526
890,2024-08-07T00:00:00,341.2,347.75,337.4,343.65,14250381,BPCL,526
891,2024-08-08T00:00:00,343.95,343.95,332.8,338.3,15378854,BPCL,526
892,2024-08-09T00:00:00,333.15,336.7,329.8,333.4,11351617,BPCL,526
893,2024-08-12T00:00:00,331.8,336.8,330.2,333.4,12253716,BPCL,526
894,2024-08-13T00:00:00,331.95,332.75,321.0,321.7,9757429,BPCL,526
895,2024-08-14T00:00:00,321.7,327.45,320.65,325.05,8457477,BPCL,526
896,2024-08-16T00:00:00,326.05,333.8,326.05,332.5,8214443,BPCL,526
897,2024-08-19T00:00:00,337.8,345.55,336.35,343.8,17875728,BPCL,526
898,2024-08-20T00:00:00,348.95,354.1,347.4,349.4,22888866,BPCL,526
899,2024-08-21T00:00:00,349.35,355.6,348.15,351.2,14795459,BPCL,526
900,2024-08-22T00:00:00,354.6,355.1,348.55,350.1,10244576,BPCL,526
901,2024-08-23T00:00:00,349.8,358.0,349.55,352.2,15872017,BPCL,526
902,2024-08-26T00:00:00,355.45,355.9,349.0,351.15,6672007,BPCL,526
903,2024-08-27T00:00:00,348.0,350.75,343.5,349.05,9683173,BPCL,526
904,2024-08-28T00:00:00,348.5,355.75,346.65,348.15,7295981,BPCL,526
905,2024-08-29T00:00:00,349.8,357.55,347.15,356.45,13054801,BPCL,526
906,2024-08-30T00:00:00,359.95,365.5,354.75,357.65,20312502,BPCL,526
907,2024-09-02T00:00:00,361.0,367.2,357.5,358.45,14344785,BPCL,526
908,2024-09-03T00:00:00,359.5,359.7,353.5,355.4,9289259,BPCL,526
909,2024-09-04T00:00:00,355.4,363.95,354.65,357.25,19416507,BPCL,526
910,2024-09-05T00:00:00,359.5,364.35,355.75,360.7,15927510,BPCL,526
911,2024-09-06T00:00:00,362.35,365.25,351.05,352.15,19044553,BPCL,526
912,2024-09-09T00:00:00,352.1,353.55,347.1,347.8,9200270,BPCL,526
913,2024-09-10T00:00:00,349.0,351.5,344.65,345.95,8137710,BPCL,526
914,2024-09-11T00:00:00,349.95,352.8,338.55,340.25,12194591,BPCL,526
915,2024-09-12T00:00:00,343.45,346.2,340.4,344.3,15970391,BPCL,526
916,2024-09-13T00:00:00,346.0,349.75,341.65,342.3,11006109,BPCL,526
917,2024-09-16T00:00:00,344.9,344.9,340.0,340.65,4850244,BPCL,526
918,2024-09-17T00:00:00,339.95,340.85,335.05,338.4,7237522,BPCL,526
919,2024-09-18T00:00:00,339.0,339.9,334.45,336.1,4111826,BPCL,526
920,2024-09-19T00:00:00,337.95,337.95,322.95,324.45,12549677,BPCL,526
921,2024-09-20T00:00:00,326.45,333.1,324.45,331.2,14642546,BPCL,526
922,2024-09-23T00:00:00,333.0,339.5,331.3,338.1,6110287,BPCL,526
923,2024-09-24T00:00:00,338.55,343.2,336.7,339.15,7068491,BPCL,526
924,2024-09-25T00:00:00,341.0,341.8,335.15,339.8,6087353,BPCL,526
925,2024-09-26T00:00:00,340.0,346.95,335.15,345.1,9517367,BPCL,526
926,2024-09-27T00:00:00,347.0,370.5,346.35,367.3,40756678,BPCL,526
927,2024-09-30T00:00:00,367.15,376.0,360.15,369.95,23860696,BPCL,526
928,2024-10-01T00:00:00,370.0,373.35,364.15,368.25,9440793,BPCL,526
929,2024-10-03T00:00:00,353.75,361.6,347.0,348.85,20754875,BPCL,526
930,2024-10-04T00:00:00,342.5,347.95,334.35,340.25,18185208,BPCL,526
931,2024-10-07T00:00:00,342.0,343.3,332.8,335.0,7847806,BPCL,526
932,2024-10-08T00:00:00,331.5,339.45,328.25,338.0,9565667,BPCL,526
933,2024-10-09T00:00:00,345.0,350.0,337.75,338.85,13523561,BPCL,526
934,2024-10-10T00:00:00,342.0,343.3,334.55,335.45,5706365,BPCL,526
935,2024-10-11T00:00:00,335.45,339.4,334.0,337.65,4046559,BPCL,526
936,2024-10-14T00:00:00,340.0,344.6,337.25,340.75,7967181,BPCL,526
937,2024-10-15T00:00:00,344.2,351.5,343.9,348.75,17183945,BPCL,526
938,2024-10-16T00:00:00,352.0,355.9,348.05,350.75,17073700,BPCL,526
939,2024-10-17T00:00:00,349.15,350.6,341.85,342.7,11023063,BPCL,526
940,2024-10-18T00:00:00,342.7,343.9,334.3,342.5,7328694,BPCL,526
941,2024-10-21T00:00:00,342.55,345.5,330.2,331.65,8609636,BPCL,526
942,2024-10-22T00:00:00,332.0,332.55,322.0,322.9,6372285,BPCL,526
943,2024-10-23T00:00:00,322.0,325.85,316.55,323.05,6639274,BPCL,526
944,2024-10-24T00:00:00,323.0,325.4,320.0,321.45,5706821,BPCL,526
945,2024-10-25T00:00:00,323.45,323.6,303.1,306.3,11583887,BPCL,526
946,2024-10-28T00:00:00,307.3,315.5,305.3,310.4,13299872,BPCL,526
947,2024-10-29T00:00:00,312.0,312.95,302.25,311.45,8437903,BPCL,526
948,2024-10-30T00:00:00,309.0,314.9,307.35,311.3,6248318,BPCL,526
949,2024-10-31T00:00:00,310.5,316.2,307.8,310.75,11375689,BPCL,526
950,2024-11-01T00:00:00,311.95,313.85,311.8,313.0,710149,BPCL,526
951,2024-11-04T00:00:00,313.0,313.5,298.1,303.45,14063318,BPCL,526
952,2024-11-05T00:00:00,301.0,309.05,300.2,307.95,9542018,BPCL,526
953,2024-11-06T00:00:00,311.8,319.0,307.25,317.0,10787602,BPCL,526
954,2024-11-07T00:00:00,316.35,317.7,311.1,315.0,7387875,BPCL,526
955,2024-11-08T00:00:00,315.0,315.1,306.8,310.45,9304376,BPCL,526
956,2024-11-11T00:00:00,308.0,314.0,304.05,312.55,5277147,BPCL,526
957,2024-11-12T00:00:00,314.1,318.55,309.05,309.8,7192998,BPCL,526
958,2024-11-13T00:00:00,307.95,309.0,302.0,305.85,7306795,BPCL,526
959,2024-11-14T00:00:00,305.8,306.0,296.4,298.2,11061057,BPCL,526
960,2024-11-18T00:00:00,298.15,299.65,288.3,289.2,7940666,BPCL,526
961,2024-11-19T00:00:00,292.65,297.9,286.5,287.5,9912544,BPCL,526
962,2024-11-21T00:00:00,287.45,287.45,279.35,282.4,8273120,BPCL,526
963,2024-11-22T00:00:00,282.6,287.0,281.05,285.85,6539977,BPCL,526
964,2024-11-25T00:00:00,292.05,304.4,292.0,296.55,16903527,BPCL,526
965,2024-11-26T00:00:00,297.95,301.0,293.35,293.85,5160007,BPCL,526
966,2024-11-27T00:00:00,296.95,297.0,291.05,293.45,5995425,BPCL,526
967,2024-11-28T00:00:00,294.45,298.75,289.5,290.95,13130411,BPCL,526
968,2024-11-29T00:00:00,292.4,294.25,289.4,292.1,8125467,BPCL,526
969,2024-12-02T00:00:00,292.65,295.9,290.5,294.15,5193026,BPCL,526
970,2024-12-03T00:00:00,297.5,297.8,292.05,294.25,9198285,BPCL,526
971,2024-12-04T00:00:00,294.2,299.55,292.85,293.65,9840659,BPCL,526
972,2024-12-05T00:00:00,295.1,298.25,291.3,297.0,9287638,BPCL,526
973,2024-12-06T00:00:00,297.9,303.9,296.4,300.35,9586531,BPCL,526
974,2024-12-09T00:00:00,300.95,304.2,299.1,303.45,11637358,BPCL,526
975,2024-12-10T00:00:00,302.3,306.7,300.85,303.5,8649367,BPCL,526
976,2024-12-11T00:00:00,303.45,308.95,302.1,307.45,10867782,BPCL,526
977,2024-12-12T00:00:00,307.05,307.45,301.3,302.15,7454904,BPCL,526
978,2024-12-13T00:00:00,302.0,305.15,296.0,301.7,7726611,BPCL,526
979,2024-12-16T00:00:00,300.95,301.7,295.8,297.95,8696443,BPCL,526
980,2024-12-17T00:00:00,299.85,299.85,292.1,293.0,8415828,BPCL,526
981,2024-12-18T00:00:00,291.75,293.0,287.65,288.3,6535229,BPCL,526
982,2024-12-19T00:00:00,282.05,295.85,282.05,294.55,11822064,BPCL,526
983,2024-12-20T00:00:00,293.55,299.2,287.0,289.05,9979749,BPCL,526
984,2024-12-23T00:00:00,292.0,294.9,288.0,289.1,6819725,BPCL,526
985,2024-12-24T00:00:00,289.95,295.45,287.35,292.0,7937629,BPCL,526
986,2024-12-26T00:00:00,294.85,299.3,292.55,295.6,11310555,BPCL,526
987,2024-12-27T00:00:00,295.05,297.4,292.5,293.55,3708404,BPCL,526
988,2024-12-30T00:00:00,293.55,295.25,289.75,293.3,8236910,BPCL,526
989,2024-12-31T00:00:00,291.45,294.4,290.8,292.45,4161509,BPCL,526
990,2025-01-01T00:00:00,292.3,295.9,290.3,295.3,3545200,BPCL,526
991,2025-01-02T00:00:00,295.3,297.7,291.8,296.9,6846413,BPCL,526
992,2025-01-03T00:00:00,296.0,299.15,294.35,296.4,4806469,BPCL,526
993,2025-01-06T00:00:00,296.4,297.25,284.1,284.85,7361716,BPCL,526
994,2025-01-07T00:00:00,287.1,290.5,280.7,282.8,8306436,BPCL,526
995,2025-01-08T00:00:00,282.8,287.9,280.5,286.8,6037032,BPCL,526
996,2025-01-09T00:00:00,287.0,287.85,279.05,280.0,6215902,BPCL,526
997,2025-01-10T00:00:00,280.5,283.5,275.6,277.65,9073218,BPCL,526
998,2025-01-13T00:00:00,271.25,274.7,264.25,265.3,10488655,BPCL,526
999,2025-01-14T00:00:00,267.1,271.5,266.0,270.2,6710730,BPCL,526
1000,2025-01-15T00:00:00,273.9,275.9,265.25,267.0,13448052,BPCL,526
1001,2025-01-16T00:00:00,267.35,268.95,263.5,266.9,13754046,BPCL,526
1002,2025-01-17T00:00:00,268.8,275.2,267.25,273.6,9300647,BPCL,526
1003,2025-01-20T00:00:00,275.0,278.4,268.8,277.3,9623368,BPCL,526
1004,2025-01-21T00:00:00,278.55,287.0,278.15,280.2,15304149,BPCL,526
1005,2025-01-22T00:00:00,282.0,283.55,274.05,277.6,6301894,BPCL,526
1006,2025-01-23T00:00:00,283.0,285.0,270.3,271.25,18806324,BPCL,526
1007,2025-01-24T00:00:00,274.0,279.4,263.0,263.8,18480516,BPCL,526
1008,2025-01-27T00:00:00,263.7,263.7,258.35,261.3,10083126,BPCL,526
1009,2025-01-28T00:00:00,262.25,263.9,254.3,258.05,13321189,BPCL,526
1010,2025-01-29T00:00:00,256.95,257.95,251.5,257.0,9435973,BPCL,526
1011,2025-01-30T00:00:00,259.9,260.9,256.5,257.15,9410974,BPCL,526
1012,2025-01-31T00:00:00,257.9,262.0,254.25,261.1,8790578,BPCL,526
1013,2025-02-01T00:00:00,261.75,262.05,248.0,255.65,11464565,BPCL,526
1014,2025-02-03T00:00:00,250.95,251.8,242.2,249.55,21517136,BPCL,526
1015,2025-02-04T00:00:00,250.65,256.65,250.2,255.95,7000612,BPCL,526
1016,2025-02-05T00:00:00,260.25,265.65,260.25,261.25,10088345,BPCL,526
1017,2025-02-06T00:00:00,263.0,267.2,261.65,262.55,14058587,BPCL,526
1018,2025-02-07T00:00:00,262.1,264.9,260.05,264.3,6557480,BPCL,526
1019,2025-02-10T00:00:00,264.55,265.8,257.5,259.9,8052376,BPCL,526
1020,2025-02-11T00:00:00,259.5,259.75,253.75,255.15,6819100,BPCL,526
1021,2025-02-12T00:00:00,255.15,256.8,249.05,255.6,6568833,BPCL,526
1022,2025-02-13T00:00:00,256.2,260.1,255.0,255.75,5514711,BPCL,526
1023,2025-02-14T00:00:00,256.4,258.6,247.45,251.0,5205573,BPCL,526
1024,2025-02-17T00:00:00,251.0,253.55,246.35,252.3,5899597,BPCL,526
1025,2025-02-18T00:00:00,252.25,253.55,246.85,252.75,5534272,BPCL,526
1026,2025-02-19T00:00:00,251.0,256.45,249.55,255.6,6887175,BPCL,526
1027,2025-02-20T00:00:00,254.0,259.65,253.2,258.6,8155780,BPCL,526
1028,2025-02-21T00:00:00,258.0,259.4,250.65,251.3,9845416,BPCL,526
1029,2025-02-24T00:00:00,251.25,253.5,248.75,251.0,6773845,BPCL,526
1030,2025-02-25T00:00:00,251.9,252.9,247.7,248.45,4172676,BPCL,526
1031,2025-02-27T00:00:00,248.45,249.4,242.1,244.75,7376510,BPCL,526
1032,2025-02-28T00:00:00,244.05,244.05,236.15,237.3,14066882,BPCL,526
1033,2025-03-03T00:00:00,239.0,243.64,234.01,242.41,6864635,BPCL,526
1034,2025-03-04T00:00:00,241.0,250.94,236.1,249.92,7201075,BPCL,526
1035,2025-03-05T00:00:00,249.9,256.93,249.9,255.84,7802519,BPCL,526
1036,2025-03-06T00:00:00,260.0,265.95,259.0,265.04,12828381,BPCL,526
1037,2025-03-07T00:00:00,264.96,265.79,260.0,261.26,7057204,BPCL,526
1038,2025-03-10T00:00:00,261.26,265.96,256.06,256.93,8487911,BPCL,526
1039,2025-03-11T00:00:00,255.99,264.97,254.35,264.58,12306539,BPCL,526
1040,2025-03-12T00:00:00,266.5,272.0,263.4,266.32,10648004,BPCL,526
1041,2025-03-13T00:00:00,266.32,266.67,262.01,264.41,4545159,BPCL,526
1042,2025-03-17T00:00:00,261.11,263.69,258.31,261.42,6482585,BPCL,526
1043,2025-03-18T00:00:00,262.15,263.3,259.51,262.18,5548862,BPCL,526
1044,2025-03-19T00:00:00,263.51,266.49,263.01,265.26,4955027,BPCL,526
1045,2025-03-20T00:00:00,266.6,272.93,264.75,272.13,10789615,BPCL,526
1046,2025-03-21T00:00:00,272.2,285.85,271.06,279.66,26173451,BPCL,526
1047,2025-03-24T00:00:00,282.0,285.3,280.0,280.44,11376607,BPCL,526
1048,2025-03-25T00:00:00,280.57,283.96,277.18,279.11,12143699,BPCL,526
1049,2025-03-26T00:00:00,278.0,283.33,272.13,273.01,9475308,BPCL,526
1050,2025-03-27T00:00:00,273.39,279.85,272.18,276.06,107524873,BPCL,526
1051,2025-03-28T00:00:00,276.99,284.33,276.3,278.47,12687883,BPCL,526
1052,2025-04-01T00:00:00,275.0,287.0,275.0,284.6,20780255,BPCL,526
1053,2025-04-02T00:00:00,283.05,288.05,277.7,286.8,12058406,BPCL,526
1054,2025-04-03T00:00:00,283.0,291.4,283.0,286.8,6663148,BPCL,526
1055,2025-04-04T00:00:00,292.15,295.7,277.05,279.45,18852567,BPCL,526
1056,2025-04-07T00:00:00,262.0,279.1,262.0,273.7,15010047,BPCL,526
1057,2025-04-08T00:00:00,279.5,287.5,275.1,285.9,18994276,BPCL,526
1058,2025-04-09T00:00:00,288.7,290.65,279.6,287.95,14519066,BPCL,526
1059,2025-04-11T00:00:00,296.45,296.45,286.5,293.2,14955235,BPCL,526
1060,2025-04-15T00:00:00,296.8,296.8,291.1,294.4,8516322,BPCL,526
1061,2025-04-16T00:00:00,294.0,300.55,292.55,298.75,9064723,BPCL,526
1062,2025-04-17T00:00:00,298.0,301.75,295.45,298.35,7510897,BPCL,526
1063,2025-04-21T00:00:00,299.85,305.55,298.0,304.05,6455955,BPCL,526
1064,2025-04-22T00:00:00,305.0,308.5,302.65,306.1,7096150,BPCL,526
1065,2025-04-23T00:00:00,306.1,306.65,298.3,300.45,7400827,BPCL,526
1066,2025-04-24T00:00:00,302.95,305.5,300.3,302.0,5773985,BPCL,526
1067,2025-04-25T00:00:00,302.35,304.95,293.3,295.7,7773037,BPCL,526
1068,2025-04-28T00:00:00,293.1,310.95,293.1,310.0,14414879,BPCL,526
1069,2025-04-29T00:00:00,311.55,315.6,309.8,311.7,9522966,BPCL,526
1070,2025-04-30T00:00:00,319.0,322.45,309.0,310.05,21424437,BPCL,526
1071,2025-05-02T00:00:00,310.55,317.5,309.9,311.15,7751559,BPCL,526
1072,2025-05-05T00:00:00,317.0,325.85,316.0,321.05,16037327,BPCL,526
1073,2025-05-06T00:00:00,321.1,322.2,310.55,311.45,5444873,BPCL,526
1074,2025-05-07T00:00:00,307.0,317.5,307.0,316.9,7970668,BPCL,526
1075,2025-05-08T00:00:00,315.5,320.2,305.7,307.95,5918739,BPCL,526
1076,2025-05-09T00:00:00,302.55,307.35,301.35,306.85,4955934,BPCL,526
1077,2025-05-12T00:00:00,315.0,315.95,307.15,309.05,6844271,BPCL,526
1078,2025-05-13T00:00:00,309.05,310.6,304.5,306.9,7241358,BPCL,526
1079,2025-05-14T00:00:00,308.7,313.55,308.4,312.5,7733320,BPCL,526
1080,2025-05-15T00:00:00,314.0,320.2,313.5,317.0,7055032,BPCL,526
1081,2025-05-16T00:00:00,316.0,321.0,315.8,320.1,6861786,BPCL,526
1082,2025-05-19T00:00:00,318.55,319.55,316.15,317.2,2956007,BPCL,526
1083,2025-05-20T00:00:00,317.0,319.65,311.75,312.9,5016433,BPCL,526
1084,2025-05-21T00:00:00,312.3,316.75,309.35,315.85,5232094,BPCL,526
1085,2025-05-22T00:00:00,314.9,318.9,308.7,313.05,4876801,BPCL,526
1086,2025-05-23T00:00:00,312.0,320.0,312.0,318.9,4257721,BPCL,526
1087,2025-05-26T00:00:00,319.0,323.95,319.0,322.95,5050848,BPCL,526
1088,2025-05-27T00:00:00,322.9,322.9,315.5,317.0,4716473,BPCL,526
1089,2025-05-28T00:00:00,317.0,322.6,313.75,321.7,7112876,BPCL,526
1090,2025-05-29T00:00:00,321.2,322.55,317.6,319.15,4000772,BPCL,526
1091,2025-05-30T00:00:00,317.55,322.4,317.0,318.4,9148638,BPCL,526
1092,2025-06-02T00:00:00,318.4,319.5,315.65,316.6,3086437,BPCL,526
1093,2025-06-03T00:00:00,315.05,320.95,309.0,309.75,7853488,BPCL,526
1094,2025-06-04T00:00:00,309.75,312.65,308.6,311.55,5925942,BPCL,526
1095,2025-06-05T00:00:00,311.1,315.4,308.25,309.8,5900170,BPCL,526
1096,2025-06-06T00:00:00,309.0,317.85,309.0,316.7,5825337,BPCL,526
1097,2025-06-09T00:00:00,317.8,321.45,315.0,320.4,3787426,BPCL,526
1098,2025-06-10T00:00:00,321.2,324.7,319.4,320.1,6489933,BPCL,526
1099,2025-06-11T00:00:00,320.3,334.5,320.3,333.85,21739121,BPCL,526
1100,2025-06-12T00:00:00,330.5,331.0,317.75,318.65,13568848,BPCL,526
1101,2025-06-13T00:00:00,305.0,314.4,299.3,312.3,13958229,BPCL,526
1102,2025-06-16T00:00:00,309.95,316.85,308.5,316.4,6893567,BPCL,526
1103,2025-06-17T00:00:00,314.0,320.45,311.7,312.8,7219608,BPCL,526
1104,2025-06-18T00:00:00,312.0,316.85,309.7,315.85,10011198,BPCL,526
1105,2025-06-19T00:00:00,317.0,317.0,310.1,313.45,5399948,BPCL,526
1106,2025-06-20T00:00:00,310.9,315.9,310.0,313.5,8522458,BPCL,526
1107,2025-06-23T00:00:00,310.0,315.5,308.2,313.45,0,BPCL,526
1108,2025-06-24T00:00:00,325.5,327.8,317.0,319.25,11172373,BPCL,526
1109,2025-06-25T00:00:00,322.5,323.0,316.6,319.6,6658747,BPCL,526
1110,2025-06-26T00:00:00,318.85,331.0,318.85,329.75,15528180,BPCL,526
1111,2025-06-27T00:00:00,330.0,334.2,327.4,333.0,9911738,BPCL,526
1112,2025-06-30T00:00:00,334.0,337.7,330.35,331.95,5840638,BPCL,526
1113,2025-07-01T00:00:00,331.55,335.5,330.9,332.05,3921773,BPCL,526
1114,2025-07-02T00:00:00,333.7,334.95,328.8,331.8,3799017,BPCL,526
1115,2025-07-03T00:00:00,333.0,335.55,330.55,331.5,5049883,BPCL,526
1116,2025-07-04T00:00:00,334.0,347.7,331.9,346.2,13743465,BPCL,526
1117,2025-07-07T00:00:00,345.8,351.55,343.45,350.5,8603937,BPCL,526
1118,2025-07-08T00:00:00,350.0,358.65,348.7,355.6,12905482,BPCL,526
