,ASIANPAINT,EICHERMOT,HEROMOTOCO,TATAMOTORS,APOLLOHOSP,SBIN,M&M,BEL,JSWSTEEL,ICICIBANK,INDUSINDBK,ONGC,BAJAJ-AUTO,BRITANNIA,NESTLEIND,HINDALCO,RELIANCE,TRENT,TATASTEEL,DRREDDY,SHRIRAMFIN,KOTAKBANK,HDFCBANK,AXISBANK,NTPC,TECHM,SBILIFE,CIPLA,GRASIM,HINDUNILVR,LT,TATACONSUM,WIPRO,TITAN,BPCL,INFY,SUNPHARMA,TCS,MARUTI,HCLTECH,COALINDIA,ULTRACEMCO,GOLDIETF
0,2498.6,5688.5,4331.1,692.25,7487.0,811.45,3182.5,418.7,1036.5,1433.5,850.8,244.0,8370.0,5846.5,2433.9,674.4,1548.0,5420.0,158.2,1271.4,681.7,2220.4,2011.5,1167.1,345.1,1617.0,1814.2,1491.7,2809.8,2430.1,3580.0,1100.2,266.8,3443.5,351.9,1629.3,1675.1,3373.6,12473.0,1676.4,385.7,12469.0,82.77
0,2497.3,5688.5,4331.0,692.3,7484.5,811.5,3182.5,418.5,1036.6,1433.5,850.6,243.94,8370.0,5848.0,2434.0,674.35,1548.0,5420.0,158.15,1271.3,682.05,2221.0,2011.3,1167.1,345.1,1618.0,1814.3,1491.7,2808.7,2430.0,3580.5,1100.1,266.95,3444.6,351.95,1629.6,1675.2,3373.6,12474.0,1677.4,385.7,12468.0,82.78
0,2498.0,5689.0,4330.8,692.3,7484.5,811.5,3181.1,418.55,1036.6,1433.6,850.6,243.95,8370.0,5847.0,2434.0,674.4,1547.9,5420.0,158.16,1271.3,682.1,2221.0,2011.3,1167.1,345.1,1617.7,1814.3,1491.9,2809.6,2430.1,3579.9,1100.5,267.15,3444.6,352.0,1629.5,1675.2,3373.5,12474.0,1677.4,385.7,12462.0,82.78
0,2498.5,5689.0,4330.2,692.3,7483.5,811.5,3181.5,418.5,1036.3,1433.6,850.6,244.04,8371.5,5846.0,2433.9,674.25,1547.8,5419.5,158.18,1271.2,682.05,2221.0,2011.5,1167.0,345.1,1617.7,1814.7,1491.7,2809.5,2430.1,3580.3,1100.0,267.2,3445.0,351.95,1629.4,1675.1,3374.0,12473.0,1677.6,385.75,12466.0,82.79
0,2497.7,5688.5,4330.5,692.25,7484.5,811.5,3181.5,418.55,1036.9,1433.6,850.6,244.0,8371.0,5846.0,2433.9,674.5,1547.9,5419.5,158.29,1271.5,682.1,2220.8,2011.5,1167.0,345.1,1617.8,1814.7,1492.2,2808.6,2430.1,3581.3,1100.5,267.2,3444.9,351.95,1630.0,1675.1,3373.6,12472.0,1677.1,385.95,12469.0,82.78
0,2497.6,5688.5,4330.2,692.25,7484.5,811.4,3181.8,418.45,1036.3,1433.5,850.55,244.12,8367.0,5845.5,2433.6,674.2,1548.0,5420.0,158.18,1271.5,682.15,2221.0,2011.0,1167.0,345.1,1618.4,1814.3,1492.7,2808.6,2430.0,3581.1,1100.0,267.2,3445.0,351.9,1630.0,1675.1,3373.8,12470.0,1677.3,385.85,12469.0,82.78
0,2498.6,5687.0,4330.9,692.25,7484.5,811.5,3181.0,418.45,1036.1,1433.4,850.6,244.12,8367.5,5845.0,2433.9,673.65,1548.0,5421.5,158.16,1271.5,682.05,2221.1,2011.9,1167.0,345.05,1617.7,1814.4,1492.7,2809.6,2430.0,3580.3,1100.3,267.1,3444.9,351.9,1629.7,1675.1,3373.9,12470.0,1677.3,385.95,12476.0,82.78
0,2498.6,5689.0,4333.5,692.25,7484.5,811.45,3180.7,418.4,1036.4,1433.2,850.95,244.18,8368.5,5846.0,2434.0,673.75,1548.0,5423.0,158.16,1271.3,682.1,2221.1,2012.1,1167.1,345.05,1617.6,1814.4,1493.1,2808.7,2429.7,3579.6,1100.2,267.2,3444.9,351.85,1629.8,1675.2,3373.9,12467.0,1677.3,385.85,12476.0,82.78
0,2498.4,5688.0,4332.8,692.3,7483.0,811.45,3180.7,418.45,1036.6,1433.0,850.95,244.1,8362.5,5846.0,2433.7,673.85,1548.0,5422.5,158.16,1271.4,682.1,2220.2,2012.4,1167.0,345.0,1617.1,1814.7,1493.7,2809.5,2429.4,3579.9,1100.5,267.1,3444.9,351.85,1629.5,1675.4,3373.9,12465.0,1677.0,385.85,12476.0,82.77
0,2498.7,5690.0,4333.0,692.3,7484.0,811.45,3180.5,418.6,1036.2,1433.3,850.95,244.19,8361.5,5847.0,2434.0,673.9,1547.9,5421.0,158.16,1271.3,682.1,2221.0,2012.4,1167.2,345.0,1617.1,1814.5,1493.2,2809.5,2429.4,3580.7,1100.0,267.1,3444.9,351.8,1630.1,1675.8,3373.9,12465.0,1677.3,385.9,12476.0,82.77
0,2498.8,5690.0,4333.0,692.3,7484.0,811.45,3180.7,418.5,1036.6,1433.3,850.95,244.11,8361.5,5850.0,2434.0,673.75,1548.0,5424.0,158.14,1271.9,682.1,2220.3,2012.6,1167.2,345.05,1617.5,1815.0,1493.7,2809.7,2430.9,3581.6,1100.5,267.1,3443.2,351.7,1629.8,1676.0,3374.0,12465.0,1677.3,385.8,12474.0,82.75
0,2498.9,5689.0,4332.5,692.25,7483.5,811.4,3180.0,418.6,1036.6,1433.3,851.0,244.13,8361.5,5847.0,2434.7,673.7,1548.0,5425.0,158.13,1271.9,682.0,2221.0,2012.0,1167.1,344.95,1617.4,1815.0,1494.1,2808.9,2431.2,3581.5,1100.5,267.1,3443.7,351.7,1629.8,1675.8,3374.1,12465.0,1677.2,385.85,12478.0,82.73
0,2497.7,5690.0,4332.2,692.3,7484.0,811.45,3179.3,418.65,1036.6,1433.3,851.0,244.18,8361.0,5847.0,2434.6,673.7,1548.0,5423.5,158.13,1271.9,682.2,2221.0,2012.3,1167.1,345.0,1617.1,1814.5,1493.8,2808.4,2431.2,3581.0,1100.5,267.0,3442.7,351.7,1629.7,1676.0,3374.0,12465.0,1677.2,385.8,12472.0,82.75
0,2497.5,5689.5,4332.1,692.3,7484.5,811.45,3177.4,418.6,1036.6,1433.3,850.6,244.17,8360.0,5849.0,2434.5,673.75,1548.0,5424.0,158.14,1271.8,682.15,2221.0,2012.3,1167.0,344.9,1616.8,1814.5,1493.7,2807.4,2431.5,3581.3,1100.3,266.95,3443.1,351.7,1629.3,1676.1,3374.3,12466.0,1676.8,386.0,12478.0,82.74
0,2498.2,5690.0,4332.1,692.3,7484.5,811.6,3177.5,418.65,1036.5,1433.3,850.8,244.22,8361.0,5848.5,2434.1,673.5,1548.0,5421.5,158.16,1272.2,682.0,2220.9,2012.6,1167.0,344.9,1617.0,1814.6,1494.0,2805.5,2431.0,3579.6,1100.5,266.9,3443.1,351.7,1629.5,1676.8,3374.6,12466.0,1677.0,385.9,12478.0,82.74
0,2498.0,5690.0,4331.9,692.3,7485.5,811.55,3178.2,418.65,1036.5,1433.3,850.85,244.31,8363.5,5847.0,2433.4,673.5,1548.0,5421.0,158.16,1272.4,682.05,2220.9,2012.0,1167.1,344.9,1617.4,1815.0,1494.3,2806.9,2431.1,3580.5,1100.5,267.0,3443.6,351.7,1629.4,1677.0,3374.5,12468.0,1677.0,385.8,12479.0,82.74
0,2497.0,5689.0,4332.0,692.3,7484.5,811.35,3177.9,418.6,1035.8,1433.1,850.9,244.36,8360.5,5847.0,2433.8,673.5,1548.2,5422.0,158.14,1271.9,682.15,2220.5,2012.2,1167.0,345.0,1617.2,1814.2,1494.1,2806.7,2431.2,3579.4,1100.5,266.95,3443.9,351.75,1629.3,1676.5,3374.0,12469.0,1676.4,385.85,12478.0,82.74
0,2496.6,5689.0,4332.0,692.3,7485.0,811.4,3178.2,418.6,1035.0,1433.3,850.95,244.26,8363.5,5847.0,2433.8,673.2,1548.4,5423.0,158.09,1272.3,681.7,2220.5,2012.2,1167.1,345.05,1617.2,1813.8,1493.9,2806.8,2431.1,3581.2,1100.4,266.8,3443.9,351.75,1629.8,1676.5,3374.0,12470.0,1676.5,385.85,12474.0,82.74
0,2496.4,5690.0,4331.8,692.3,7485.5,811.55,3178.5,418.6,1035.5,1433.3,850.85,244.2,8361.5,5847.0,2433.3,673.2,1548.5,5423.5,158.1,1271.8,681.65,2221.0,2012.4,1167.2,344.95,1616.8,1814.1,1493.9,2804.5,2431.0,3579.8,1100.5,266.8,3443.5,351.75,1630.1,1676.9,3374.0,12473.0,1676.3,385.85,12478.0,82.74
0,2498.5,5690.0,4331.6,692.3,7485.5,811.5,3179.0,418.6,1035.1,1433.3,850.8,244.28,8361.5,5848.5,2433.8,673.05,1548.8,5424.0,158.12,1271.9,681.85,2221.0,2012.0,1167.0,345.0,1617.4,1813.8,1493.8,2805.3,2431.3,3580.0,1100.5,266.75,3442.9,351.75,1630.1,1676.5,3374.3,12468.0,1676.7,385.85,12480.0,82.74
0,2498.3,5689.5,4332.5,692.3,7485.5,811.45,3179.1,418.6,1035.4,1433.0,850.8,244.2,8363.0,5847.0,2433.3,673.2,1548.9,5426.0,158.13,1271.7,681.9,2220.9,2012.5,1167.2,344.9,1617.4,1813.9,1493.6,2804.2,2431.3,3579.5,1100.9,266.85,3442.9,351.75,1630.1,1676.5,3374.2,12468.0,1676.3,385.85,12479.0,82.76
0,2497.7,5689.5,4332.5,692.25,7485.5,811.45,3178.2,418.65,1035.4,1432.8,850.8,244.22,8361.5,5846.0,2433.3,673.85,1548.8,5425.0,158.13,1271.8,681.9,2221.0,2012.6,1167.0,344.95,1616.5,1813.4,1494.0,2807.2,2431.3,3579.8,1100.5,266.95,3443.0,351.6,1630.1,1676.8,3374.5,12467.0,1676.2,385.8,12479.0,82.76
0,2498.5,5690.0,4332.3,692.25,7486.0,811.45,3178.0,418.6,1035.4,1432.7,850.75,244.04,8363.0,5846.5,2433.8,673.6,1548.8,5426.0,158.09,1271.4,681.9,2221.0,2012.6,1167.1,344.9,1616.7,1814.3,1493.6,2807.0,2431.5,3581.7,1100.5,266.9,3442.9,351.6,1630.0,1676.8,3374.8,12470.0,1676.5,385.8,12479.0,82.76
0,2497.5,5689.5,4333.6,692.25,7485.5,811.55,3177.9,418.7,1035.0,1432.7,850.7,244.1,8361.5,5846.0,2433.3,673.7,1549.0,5426.0,158.08,1271.8,682.05,2220.2,2012.6,1167.1,344.95,1616.7,1813.3,1493.6,2805.7,2431.6,3581.6,1100.1,266.9,3443.0,351.6,1630.1,1676.8,3375.0,12470.0,1676.7,385.95,12479.0,82.75
0,2498.8,5690.0,4332.6,692.25,7486.0,811.55,3177.0,418.65,1035.5,1432.5,850.7,243.98,8361.5,5845.5,2433.3,673.9,1549.0,5422.5,158.15,1271.7,682.0,2221.0,2012.4,1167.0,345.0,1616.4,1814.2,1493.2,2805.4,2431.7,3581.7,1100.4,266.9,3443.2,351.6,1630.0,1676.5,3374.8,12470.0,1676.7,385.85,12480.0,82.76
0,2497.9,5690.0,4332.4,692.25,7485.5,811.45,3175.7,418.65,1035.3,1432.3,850.6,244.04,8361.5,5844.0,2433.4,673.8,1549.0,5423.0,158.12,1271.8,681.9,2220.9,2012.5,1167.0,344.95,1616.7,1814.3,1493.7,2806.2,2431.7,3581.5,1100.4,266.9,3443.3,351.75,1629.9,1676.5,3374.7,12468.0,1676.7,385.85,12476.0,82.76
0,2497.4,5690.0,4332.1,692.25,7485.5,811.5,3174.4,418.7,1035.0,1432.3,850.5,244.07,8361.5,5846.5,2433.3,673.75,1549.1,5423.5,158.02,1271.8,681.7,2220.8,2012.5,1167.1,344.95,1616.3,1814.1,1493.5,2804.6,2432.0,3580.2,1100.0,266.9,3442.0,351.55,1630.0,1676.1,3374.5,12466.0,1676.6,386.0,12475.0,82.76
0,2498.0,5690.0,4331.9,692.3,7485.0,811.55,3175.2,418.7,1035.3,1432.2,850.3,244.02,8362.0,5847.0,2433.3,673.95,1549.2,5424.5,158.0,1271.5,681.85,2220.8,2012.7,1167.2,344.95,1617.0,1813.3,1493.9,2805.7,2432.6,3581.2,1100.4,266.95,3443.0,351.5,1629.6,1676.4,3376.0,12468.0,1676.6,385.85,12477.0,82.77
0,2497.8,5689.0,4331.3,692.3,7486.0,811.5,3174.4,418.6,1035.1,1432.1,850.35,244.0,8363.0,5848.0,2433.3,673.75,1549.2,5424.0,158.0,1271.6,681.85,2220.9,2012.5,1167.1,344.95,1616.2,1813.5,1493.3,2807.2,2432.2,3580.0,1100.4,266.85,3443.1,351.5,1629.4,1676.0,3373.2,12469.0,1676.6,385.85,12479.0,82.76
0,2497.5,5688.5,4331.8,692.3,7484.5,811.65,3174.6,418.6,1035.3,1432.2,850.2,244.02,8362.5,5847.0,2433.3,674.25,1549.2,5423.0,158.03,1271.5,681.9,2220.2,2012.3,1167.1,344.85,1616.2,1813.3,1493.2,2805.3,2432.2,3580.5,1100.4,266.75,3442.9,351.5,1630.0,1675.7,3374.8,12468.0,1676.6,385.85,12474.0,82.74
0,2498.1,5689.0,4331.6,692.3,7484.5,811.55,3173.3,418.55,1035.0,1432.1,850.2,244.02,8363.5,5845.0,2433.3,674.2,1549.3,5422.0,158.02,1271.7,681.85,2220.8,2012.3,1167.2,344.85,1616.8,1813.9,1493.9,2806.3,2432.2,3580.1,1100.5,266.85,3442.9,351.5,1629.5,1675.7,3374.0,12468.0,1676.6,385.85,12476.0,82.74
0,2498.4,5689.0,4331.9,692.25,7485.0,811.65,3176.5,418.55,1035.5,1432.1,850.2,244.0,8363.5,5848.0,2433.4,674.15,1549.4,5424.5,158.03,1271.9,681.65,2221.0,2012.6,1167.1,344.85,1617.0,1813.9,1493.8,2805.6,2432.2,3580.0,1100.5,266.85,3442.9,351.4,1629.6,1676.0,3374.4,12468.0,1676.7,385.8,12476.0,82.76
0,2497.1,5688.0,4332.0,692.3,7480.0,811.45,3175.3,418.5,1035.0,1432.0,849.9,244.02,8362.5,5847.0,2432.9,674.0,1549.4,5424.0,158.03,1271.7,681.5,2220.2,2012.2,1167.0,345.15,1616.7,1813.3,1493.4,2804.8,2432.0,3580.0,1100.0,266.85,3441.2,351.45,1630.0,1675.8,3374.5,12465.0,1676.3,385.8,12474.0,82.74
0,2497.2,5685.5,4330.7,692.3,7480.0,811.25,3175.1,418.5,1034.4,1432.1,849.9,244.06,8361.0,5845.5,2432.0,673.55,1549.0,5423.0,157.99,1271.4,681.1,2220.3,2012.1,1167.0,345.1,1616.8,1811.7,1493.4,2803.6,2432.0,3580.4,1100.0,266.75,3442.1,351.4,1629.4,1675.5,3376.2,12466.0,1676.2,385.85,12470.0,82.74
0,2497.1,5685.0,4331.2,692.3,7482.0,811.2,3176.0,418.4,1034.7,1432.0,850.05,244.02,8363.0,5847.0,2432.3,674.0,1549.3,5424.5,157.97,1271.8,681.05,2219.8,2012.0,1167.1,345.0,1616.9,1811.6,1493.4,2804.0,2432.0,3579.3,1100.3,266.85,3442.6,351.4,1629.9,1675.2,3376.2,12466.0,1676.2,385.9,12473.0,82.74
0,2497.6,5686.5,4331.0,692.25,7479.0,811.4,3176.0,418.35,1034.5,1432.1,849.95,244.08,8362.5,5846.0,2432.7,673.85,1549.5,5422.0,158.04,1271.8,681.05,2219.9,2012.1,1167.1,345.1,1616.7,1813.0,1493.7,2805.7,2432.0,3579.0,1100.5,266.85,3442.4,351.65,1629.5,1675.4,3376.0,12468.0,1676.8,385.9,12473.0,82.74
0,2497.6,5687.0,4331.2,692.3,7480.5,811.25,3176.0,418.4,1035.1,1432.0,850.3,244.02,8363.0,5845.0,2432.7,674.15,1549.5,5422.0,158.02,1271.8,681.0,2219.9,2012.5,1167.2,345.15,1616.5,1812.4,1493.6,2804.0,2432.1,3580.0,1100.5,266.9,3442.1,351.55,1629.7,1675.5,3376.8,12464.0,1677.0,385.85,12470.0,82.74
0,2497.7,5688.0,4331.1,692.25,7478.0,811.2,3176.0,418.4,1034.9,1432.1,850.3,244.07,8362.5,5843.5,2432.7,674.1,1549.3,5422.0,158.03,1271.7,680.85,2219.7,2012.1,1167.2,345.15,1616.3,1812.4,1493.4,2804.7,2432.0,3580.0,1100.5,266.85,3442.6,351.55,1629.8,1676.0,3377.9,12460.0,1677.0,385.85,12474.0,82.75
0,2496.5,5687.0,4331.5,692.25,7480.0,811.25,3176.2,418.4,1034.8,1432.1,850.3,244.01,8362.5,5844.0,2432.7,674.3,1549.2,5421.0,158.03,1271.7,680.95,2220.2,2012.3,1167.1,345.15,1616.5,1813.3,1494.5,2803.9,2432.1,3580.0,1100.5,266.85,3442.8,351.55,1630.1,1675.5,3377.0,12464.0,1677.0,385.95,12474.0,82.75
0,2497.3,5688.0,4331.1,692.3,7481.5,811.4,3176.2,418.35,1034.8,1432.1,850.15,244.13,8362.5,5845.5,2433.0,674.15,1549.4,5421.0,158.06,1271.6,680.8,2220.0,2012.2,1167.1,345.05,1616.2,1812.6,1493.0,2805.0,2432.1,3579.6,1100.0,266.85,3442.9,351.45,1630.2,1675.6,3377.5,12460.0,1676.4,385.85,12472.0,82.73
0,2497.5,5688.0,4331.0,692.25,7479.0,811.45,3176.2,418.3,1034.8,1432.0,850.75,244.13,8362.5,5846.5,2433.4,674.1,1549.4,5423.0,158.06,1271.6,680.9,2220.4,2012.2,1167.3,345.1,1616.7,1813.1,1493.4,2805.0,2432.0,3580.0,1100.4,266.85,3443.0,351.4,1630.3,1675.5,3378.9,12460.0,1676.9,385.95,12476.0,82.74
0,2497.5,5687.5,4331.1,692.25,7481.5,811.4,3176.3,418.25,1035.4,1432.1,850.75,244.13,8364.5,5844.5,2433.9,674.35,1549.3,5421.0,158.1,1271.5,680.9,2220.4,2012.0,1167.1,345.1,1617.0,1813.1,1493.0,2805.5,2432.0,3578.6,1100.4,266.85,3442.8,351.5,1630.4,1676.0,3378.4,12460.0,1676.8,385.85,12473.0,82.73
0,2498.0,5687.5,4332.5,692.5,7482.0,811.35,3176.5,418.35,1035.3,1432.1,850.75,244.12,8363.5,5844.0,2433.9,674.6,1549.4,5422.0,158.12,1271.7,681.1,2220.4,2012.2,1167.1,345.0,1617.0,1812.6,1493.4,2804.8,2432.0,3579.0,1100.4,266.85,3443.7,351.5,1630.2,1676.0,3379.3,12464.0,1676.5,385.95,12476.0,82.74
0,2497.9,5688.0,4332.5,692.45,7483.0,811.55,3176.8,418.35,1035.3,1432.0,850.75,244.1,8363.5,5845.5,2433.0,674.15,1549.3,5421.5,158.08,1272.7,681.1,2220.0,2012.0,1167.1,345.0,1616.5,1812.7,1493.4,2804.5,2432.1,3579.0,1100.0,266.85,3443.9,351.45,1630.1,1675.6,3379.0,12460.0,1676.5,385.95,12471.0,82.73
0,2498.0,5688.0,4332.5,692.5,7484.0,811.3,3176.5,418.35,1035.3,1432.1,850.75,244.13,8363.5,5846.5,2433.6,674.15,1549.4,5421.5,158.08,1272.6,681.1,2219.7,2012.1,1167.1,345.1,1617.0,1813.2,1493.7,2805.3,2432.2,3579.0,1100.5,267.15,3443.0,351.4,1630.1,1675.5,3379.2,12462.0,1676.5,385.85,12471.0,82.72
0,2498.5,5687.5,4332.3,692.45,7484.0,811.45,3176.2,418.25,1035.4,1432.1,850.8,244.08,8364.0,5846.0,2433.6,674.4,1549.3,5424.5,158.05,1272.7,681.4,2220.0,2012.0,1167.0,345.1,1616.9,1813.2,1493.6,2805.4,2432.1,3579.0,1100.5,267.0,3444.2,351.5,1630.1,1675.5,3379.1,12462.0,1676.9,385.85,12470.0,82.72
0,2498.6,5685.5,4332.0,692.5,7484.0,811.3,3176.4,418.2,1035.3,1431.7,850.75,244.01,8363.0,5845.5,2433.5,674.25,1549.2,5422.5,158.08,1272.4,681.5,2219.6,2012.2,1166.9,345.1,1616.8,1812.6,1493.6,2805.2,2433.0,3578.0,1100.0,266.95,3443.9,351.3,1630.8,1675.5,3378.8,12462.0,1676.9,385.8,12474.0,82.72
0,2498.3,5688.5,4331.6,692.5,7483.5,811.4,3176.4,418.1,1034.5,1432.0,850.75,244.01,8362.5,5844.5,2432.9,674.3,1549.3,5422.5,158.07,1272.1,681.35,2220.2,2012.0,1166.9,345.1,1616.5,1813.0,1493.4,2805.1,2432.0,3579.8,1100.5,267.05,3442.5,351.3,1630.2,1675.5,3379.0,12460.0,1676.9,385.8,12474.0,82.72
0,2498.5,5688.5,4331.6,692.6,7483.5,811.35,3175.1,418.1,1034.6,1432.0,850.8,244.02,8363.0,5846.5,2432.9,674.3,1549.0,5422.5,158.08,1272.1,681.45,2220.4,2012.0,1167.0,345.0,1617.0,1812.2,1493.8,2805.1,2432.1,3579.6,1100.5,267.05,3443.8,351.4,1630.4,1675.6,3379.0,12460.0,1676.6,385.85,12473.0,82.72
0,2498.0,5686.5,4331.4,692.6,7483.5,811.35,3175.7,418.1,1034.5,1431.9,850.8,244.08,8365.0,5846.5,2433.0,674.5,1549.4,5422.0,158.07,1272.4,681.45,2220.5,2012.1,1167.0,345.1,1616.5,1813.4,1493.8,2804.1,2432.0,3578.3,1100.4,266.9,3443.7,351.3,1630.0,1675.5,3378.9,12458.0,1676.4,385.85,12473.0,82.72
0,2498.0,5689.0,4331.9,692.6,7482.5,811.25,3175.1,418.2,1034.2,1431.9,850.55,244.02,8360.5,5844.0,2433.1,674.7,1549.4,5422.5,158.07,1272.6,681.45,2220.5,2012.1,1166.8,345.0,1616.5,1812.5,1493.8,2804.8,2433.0,3580.0,1100.1,266.9,3442.5,351.25,1630.2,1676.4,3378.9,12460.0,1676.7,385.9,12475.0,82.72
0,2497.9,5686.5,4332.3,692.6,7482.5,811.2,3175.6,418.1,1034.3,1431.6,850.8,244.14,8360.0,5844.5,2433.0,674.5,1549.4,5424.5,158.1,1272.4,681.45,2219.6,2012.1,1166.9,345.05,1616.7,1812.5,1494.2,2804.1,2431.8,3578.7,1100.0,266.95,3442.5,351.3,1630.1,1676.0,3378.9,12461.0,1676.7,385.95,12470.0,82.72
0,2498.5,5689.0,4332.3,692.6,7482.5,811.2,3175.8,418.15,1034.1,1431.9,850.8,244.14,8360.5,5845.0,2433.1,674.3,1549.4,5422.0,158.08,1272.6,681.4,2220.1,2012.0,1167.0,345.0,1616.1,1812.8,1494.0,2805.3,2432.2,3578.6,1100.0,266.95,3442.7,351.25,1630.1,1676.2,3378.8,12459.0,1676.4,385.8,12470.0,82.75
0,2498.5,5689.0,4333.0,692.6,7482.5,811.35,3175.5,418.15,1034.2,1431.9,850.8,244.15,8362.0,5845.0,2433.1,674.45,1549.5,5422.0,158.09,1272.0,681.4,2220.4,2012.3,1167.2,344.9,1616.0,1813.2,1493.9,2804.2,2432.1,3580.6,1100.5,266.95,3443.0,351.15,1629.4,1676.1,3378.8,12456.0,1676.4,385.95,12472.0,82.73
0,2498.6,5689.0,4332.2,692.6,7482.5,811.25,3175.5,418.3,1034.0,1431.5,850.8,244.25,8360.5,5845.5,2433.1,674.35,1549.5,5424.0,158.14,1272.0,681.4,2220.3,2012.6,1167.0,344.95,1615.8,1812.5,1493.9,2805.4,2431.7,3580.5,1100.5,266.85,3442.9,351.15,1629.6,1675.8,3378.7,12458.0,1676.7,385.9,12475.0,82.72
0,2498.5,5688.5,4332.1,692.6,7482.5,811.2,3175.5,418.15,1034.3,1431.4,850.7,244.3,8362.0,5844.5,2433.1,674.45,1549.4,5422.0,158.1,1272.6,681.35,2220.3,2012.6,1167.1,344.8,1615.5,1813.2,1493.9,2805.4,2431.3,3580.0,1100.5,266.9,3443.0,351.15,1629.4,1675.9,3378.6,12456.0,1676.5,385.85,12476.0,82.75
0,2498.5,5689.0,4332.1,692.55,7482.5,811.25,3175.5,418.2,1034.1,1431.5,850.7,244.2,8362.0,5844.0,2433.8,674.45,1549.5,5422.0,158.07,1272.3,681.5,2219.5,2012.7,1167.1,344.95,1615.7,1813.2,1494.4,2805.7,2431.1,3580.7,1100.4,266.85,3443.0,351.25,1629.5,1675.7,3379.8,12458.0,1676.7,385.8,12471.0,82.75
0,2498.6,5688.0,4332.1,692.55,7483.0,811.4,3174.7,418.15,1034.2,1431.7,850.7,244.19,8363.5,5845.5,2433.8,674.5,1549.7,5422.0,158.09,1272.3,681.75,2220.3,2012.9,1167.1,344.95,1616.2,1813.2,1493.9,2805.8,2432.0,3581.9,1100.5,266.9,3443.0,351.25,1629.4,1675.8,3380.4,12456.0,1676.8,385.85,12475.0,82.72
0,2498.0,5688.0,4332.5,692.5,7482.0,811.2,3175.4,418.05,1033.8,1431.9,850.65,244.15,8363.0,5845.0,2433.1,674.5,1549.8,5423.5,158.09,1272.6,681.85,2219.8,2012.7,1167.2,344.95,1616.2,1812.5,1493.7,2804.6,2430.6,3580.1,1100.5,266.9,3442.2,351.25,1629.4,1675.5,3380.8,12457.0,1676.8,385.9,12470.0,82.71
0,2497.9,5689.0,4331.8,692.7,7484.0,811.3,3174.5,418.05,1034.1,1432.3,850.65,244.18,8363.0,5844.0,2433.7,674.4,1549.9,5422.0,158.07,1272.7,681.6,2219.8,2012.7,1167.1,344.9,1616.3,1812.8,1493.8,2805.8,2431.9,3581.7,1100.5,266.9,3442.2,351.25,1629.1,1675.2,3380.5,12460.0,1676.8,385.8,12477.0,82.73
0,2499.0,5686.0,4331.3,692.7,7485.0,811.3,3175.8,418.1,1033.9,1432.3,850.65,244.14,8363.0,5844.0,2433.1,674.05,1549.9,5422.0,158.13,1272.8,681.7,2220.4,2012.7,1167.1,344.95,1616.2,1812.7,1493.7,2805.8,2431.0,3580.6,1100.5,266.8,3442.5,351.2,1629.6,1675.7,3380.6,12456.0,1676.8,385.8,12471.0,82.73
0,2498.7,5686.5,4332.1,692.6,7484.5,811.2,3175.8,418.1,1033.8,1432.2,850.6,244.14,8362.0,5846.0,2433.7,673.9,1549.9,5421.5,158.1,1272.4,681.3,2220.0,2012.7,1167.0,344.85,1616.0,1812.5,1493.3,2804.6,2431.1,3580.4,1100.1,266.8,3442.5,351.2,1629.3,1675.6,3380.5,12456.0,1676.7,385.8,12473.0,82.7
0,2497.9,5688.0,4331.0,692.55,7482.0,811.05,3174.0,418.05,1033.8,1432.2,850.6,244.1,8361.5,5845.5,2433.0,674.0,1549.8,5423.5,158.07,1272.4,681.25,2220.0,2012.9,1167.1,345.0,1615.7,1812.8,1493.7,2804.3,2429.9,3579.9,1099.7,266.9,3442.3,351.2,1629.8,1675.2,3380.8,12455.0,1676.9,385.85,12471.0,82.71
0,2497.8,5685.0,4330.3,692.5,7482.0,811.15,3174.0,418.1,1033.8,1432.1,850.45,244.08,8361.5,5845.5,2432.2,673.9,1549.5,5423.5,158.07,1272.4,681.3,2220.3,2012.5,1167.0,344.95,1615.4,1812.5,1493.1,2805.3,2429.9,3579.5,1099.3,266.9,3442.3,351.3,1629.4,1675.2,3380.4,12455.0,1677.0,385.8,12475.0,82.71
0,2497.8,5685.0,4330.6,692.55,7482.0,811.05,3173.6,418.1,1034.3,1431.6,850.3,244.09,8361.5,5845.0,2432.2,673.95,1549.7,5424.5,158.1,1272.3,681.5,2220.0,2012.3,1167.1,344.85,1615.3,1812.5,1493.7,2804.3,2429.3,3580.6,1099.6,266.75,3442.5,351.15,1629.3,1675.5,3380.3,12456.0,1677.2,385.85,12472.0,82.69
0,2498.0,5684.0,4330.3,692.5,7482.0,811.1,3173.6,418.1,1034.2,1431.6,850.45,244.14,8361.5,5844.0,2432.7,673.9,1549.3,5422.0,158.08,1272.3,681.15,2220.5,2012.3,1166.9,344.9,1615.6,1812.9,1492.9,2805.3,2429.5,3580.0,1099.6,266.8,3443.0,351.2,1629.7,1675.5,3380.2,12458.0,1677.0,385.85,12475.0,82.69
0,2498.5,5685.0,4330.0,692.55,7482.0,811.1,3174.0,418.05,1034.1,1431.6,850.35,244.15,8361.5,5844.0,2432.7,673.95,1548.8,5422.5,158.08,1271.7,681.2,2220.3,2012.6,1167.0,344.9,1615.3,1813.0,1493.5,2805.3,2429.9,3580.0,1099.6,266.9,3442.3,351.2,1629.5,1675.7,3380.1,12458.0,1677.1,385.85,12472.0,82.7
0,2497.7,5685.0,4330.0,692.55,7482.5,811.05,3173.6,418.1,1033.9,1431.4,850.35,244.15,8361.5,5845.0,2432.8,673.85,1549.5,5424.0,158.16,1271.4,681.15,2219.5,2012.3,1167.0,345.1,1616.0,1812.9,1493.2,2804.9,2430.3,3580.8,1099.6,266.8,3442.3,351.25,1629.9,1675.5,3380.2,12459.0,1677.2,385.8,12472.0,82.7
0,2498.7,5685.0,4330.0,692.5,7483.5,811.1,3175.0,418.1,1033.7,1431.5,850.35,244.15,8362.5,5845.5,2432.8,674.0,1549.8,5424.0,158.12,1271.6,681.35,2219.8,2011.9,1167.2,345.1,1616.3,1812.9,1493.5,2804.8,2430.1,3580.7,1099.6,266.75,3442.3,351.2,1629.5,1675.5,3381.2,12459.0,1677.5,385.8,12474.0,82.7
0,2498.0,5684.5,4330.1,692.55,7483.0,811.05,3175.0,418.1,1033.7,1431.5,850.3,244.15,8360.5,5846.0,2432.1,673.9,1549.3,5424.0,158.1,1271.0,681.35,2219.9,2012.1,1167.1,345.0,1616.0,1812.6,1492.3,2803.8,2430.0,3581.3,1099.6,266.8,3442.9,351.2,1629.6,1675.3,3381.1,12460.0,1677.3,385.8,12471.0,82.7
0,2498.7,5685.0,4330.2,692.55,7484.5,811.05,3175.1,418.2,1033.9,1431.5,850.35,244.13,8360.5,5847.0,2432.8,673.9,1549.2,5424.0,158.1,1271.4,681.45,2220.4,2012.3,1167.2,345.05,1616.2,1813.0,1492.0,2804.7,2429.5,3580.1,1099.8,267.05,3442.6,351.2,1629.7,1675.2,3380.3,12460.0,1677.3,385.9,12473.0,82.7
0,2498.7,5682.5,4330.0,692.55,7484.5,810.95,3175.2,418.1,1034.2,1431.5,850.35,244.22,8360.5,5847.5,2431.8,673.75,1549.4,5424.0,158.19,1271.0,681.45,2220.5,2012.4,1167.3,345.05,1616.6,1813.2,1492.0,2804.7,2429.1,3580.0,1099.3,267.0,3443.0,351.15,1629.8,1674.7,3380.2,12460.0,1677.7,385.9,12473.0,82.7
0,2499.2,5682.5,4330.1,692.6,7484.5,811.1,3175.5,418.1,1034.2,1431.6,850.1,244.23,8362.5,5848.0,2432.5,673.85,1549.6,5424.0,158.17,1271.0,681.6,2220.0,2012.5,1167.2,345.05,1615.9,1813.1,1492.0,2804.8,2428.8,3580.0,1099.1,267.0,3443.0,351.3,1629.7,1675.0,3380.0,12456.0,1677.8,385.8,12474.0,82.7
0,2499.0,5682.0,4330.0,692.5,7484.5,811.0,3174.7,418.15,1034.0,1431.7,850.3,244.15,8361.0,5848.0,2431.8,673.75,1549.6,5424.0,158.16,1271.1,681.6,2220.0,2012.1,1167.1,345.05,1614.2,1813.2,1492.1,2804.8,2427.6,3579.9,1098.9,267.0,3442.0,351.35,1629.5,1675.6,3380.1,12457.0,1677.7,385.8,12471.0,82.7
0,2499.4,5683.5,4330.2,692.6,7483.5,811.05,3175.0,418.1,1033.9,1431.7,850.35,244.16,8361.0,5847.0,2432.5,673.75,1549.5,5422.5,158.16,1271.4,681.6,2219.3,2012.1,1167.1,345.05,1613.5,1813.2,1492.1,2804.9,2428.2,3580.6,1099.0,266.9,3442.0,351.35,1629.7,1675.6,3380.0,12457.0,1677.6,385.85,12476.0,82.7
0,2498.6,5684.5,4330.2,692.6,7485.5,811.0,3175.4,418.15,1033.9,1431.7,850.35,244.19,8360.5,5846.5,2432.5,673.65,1549.7,5424.5,158.13,1271.9,681.5,2219.1,2011.7,1167.1,345.05,1612.6,1813.2,1492.1,2804.8,2428.7,3581.1,1099.0,267.0,3442.0,351.4,1629.7,1675.5,3380.2,12456.0,1677.7,385.85,12474.0,82.72
0,2499.8,5685.0,4330.0,692.6,7486.5,811.0,3175.2,418.15,1033.9,1431.8,850.35,244.26,8361.0,5847.0,2431.8,673.5,1549.7,5423.0,158.12,1272.1,681.7,2220.0,2011.9,1167.1,345.05,1612.9,1813.2,1492.4,2804.0,2428.4,3579.9,1099.0,267.0,3441.9,351.4,1629.4,1675.5,3379.9,12456.0,1677.3,385.9,12475.0,82.71
0,2499.7,5685.0,4330.6,692.55,7486.5,810.95,3175.3,418.15,1033.7,1431.8,850.35,244.19,8361.0,5845.0,2431.8,673.5,1549.7,5421.5,158.1,1272.4,681.8,2219.2,2011.9,1167.1,345.1,1613.1,1812.5,1492.0,2804.0,2428.1,3581.6,1098.5,267.0,3441.9,351.45,1629.4,1675.3,3379.8,12457.0,1677.5,385.9,12473.0,82.7
0,2499.1,5682.5,4331.0,692.55,7487.5,811.05,3174.6,418.1,1034.0,1431.9,850.35,244.19,8361.0,5847.5,2432.7,673.7,1549.7,5422.0,158.17,1272.4,681.8,2219.2,2011.7,1167.1,345.1,1613.9,1812.8,1492.4,2804.0,2427.8,3581.5,1098.6,266.9,3442.0,351.4,1629.6,1675.3,3380.0,12462.0,1677.5,385.8,12477.0,82.71
0,2499.5,5685.0,4331.5,692.55,7485.0,810.9,3176.3,418.1,1034.2,1431.9,850.35,244.2,8360.0,5844.5,2431.8,673.7,1549.7,5422.0,158.13,1272.6,681.7,2219.0,2011.6,1167.2,345.1,1614.2,1812.5,1492.6,2804.6,2426.5,3581.5,1099.0,266.95,3442.0,351.4,1630.0,1675.3,3379.9,12458.0,1677.6,385.85,12477.0,82.68
0,2499.0,5685.0,4330.8,692.55,7484.5,811.1,3176.2,418.1,1033.9,1431.9,850.15,244.25,8360.5,5847.0,2431.9,673.4,1549.9,5424.0,158.1,1272.2,681.65,2219.0,2011.9,1167.2,345.1,1614.1,1813.1,1492.2,2804.5,2426.6,3581.6,1099.0,267.05,3442.0,351.4,1629.9,1675.5,3379.9,12461.0,1677.6,385.85,12478.0,82.67
0,2499.7,5684.0,4330.6,692.55,7485.5,811.05,3176.0,418.15,1034.2,1431.9,850.35,244.19,8360.5,5846.0,2431.8,673.6,1549.8,5424.5,158.17,1272.0,681.6,2219.0,2011.7,1167.2,345.1,1614.4,1813.1,1492.0,2804.6,2427.0,3580.2,1099.0,266.95,3442.0,351.4,1629.9,1675.0,3380.0,12460.0,1677.8,385.95,12476.0,82.68
0,2499.5,5683.0,4330.2,692.5,7485.5,811.2,3175.5,418.0,1034.0,1431.9,850.35,244.27,8360.0,5844.0,2431.8,673.6,1549.8,5424.5,158.14,1272.5,681.6,2219.0,2011.4,1167.1,345.0,1614.4,1812.5,1492.0,2804.6,2427.5,3580.2,1099.0,267.05,3442.0,351.4,1629.6,1675.3,3379.9,12461.0,1677.7,385.95,12473.0,82.66
0,2499.2,5681.5,4330.2,692.7,7486.0,810.9,3176.0,418.0,1034.3,1431.9,850.25,244.23,8360.0,5846.5,2431.9,673.55,1549.7,5423.0,158.17,1272.4,681.6,2219.0,2011.4,1167.2,345.0,1615.1,1813.1,1493.0,2804.9,2427.9,3580.0,1099.0,267.1,3442.0,351.4,1629.5,1675.0,3379.9,12460.0,1677.0,385.9,12473.0,82.66
0,2499.3,5684.0,4330.1,692.7,7484.5,810.9,3176.3,418.0,1034.0,1431.9,850.15,244.23,8360.5,5847.0,2431.8,673.5,1549.4,5422.5,158.15,1272.2,681.5,2219.0,2011.5,1167.1,345.05,1615.3,1812.5,1492.6,2804.9,2428.0,3581.5,1099.0,267.2,3441.9,351.4,1629.6,1675.1,3379.8,12461.0,1677.6,385.85,12475.0,82.66
0,2499.5,5684.0,4330.6,692.75,7486.0,810.9,3176.0,418.1,1034.1,1431.8,850.1,244.23,8360.0,5847.5,2431.9,673.6,1549.8,5422.5,158.13,1272.0,681.6,2219.3,2011.7,1167.1,345.05,1614.0,1813.2,1492.7,2804.9,2427.9,3580.4,1099.0,267.2,3442.0,351.4,1629.4,1675.3,3379.9,12465.0,1677.7,385.9,12472.0,82.65
0,2499.5,5683.5,4330.0,692.65,7487.0,810.9,3175.8,418.05,1034.3,1431.4,850.15,244.23,8360.0,5845.5,2431.3,673.6,1549.8,5422.0,158.12,1272.2,681.8,2219.3,2011.6,1167.0,345.1,1614.3,1813.6,1492.8,2804.8,2428.1,3580.9,1099.0,267.05,3441.8,351.4,1629.4,1675.0,3380.0,12464.0,1677.7,385.85,12473.0,82.65
0,2499.4,5683.0,4330.8,692.65,7483.5,811.05,3175.8,418.0,1034.4,1431.4,850.15,244.24,8360.5,5845.0,2431.2,673.6,1549.8,5422.5,158.11,1272.0,681.75,2219.3,2011.2,1167.1,345.1,1614.6,1813.9,1493.1,2805.0,2428.1,3580.0,1098.6,267.15,3441.8,351.2,1629.4,1675.0,3380.0,12464.0,1677.4,385.85,12477.0,82.64
0,2499.5,5684.0,4330.0,692.6,7483.5,810.9,3176.0,418.05,1034.4,1431.2,850.15,244.22,8360.0,5846.5,2431.8,673.55,1549.7,5422.0,158.14,1272.2,681.75,2219.3,2011.3,1167.1,345.1,1614.7,1813.4,1493.4,2807.8,2427.7,3581.5,1099.0,267.05,3439.5,351.4,1629.4,1675.3,3379.9,12465.0,1677.6,385.85,12472.0,82.62
0,2499.6,5683.0,4330.0,692.65,7483.5,811.0,3175.1,418.05,1034.4,1431.2,850.1,244.3,8360.5,5843.5,2431.2,673.95,1549.9,5421.5,158.12,1272.1,681.8,2219.5,2011.2,1167.1,345.05,1614.7,1813.2,1493.4,2807.9,2427.3,3580.8,1098.9,267.15,3431.6,351.45,1629.5,1675.4,3379.9,12463.0,1677.7,385.85,12475.0,82.62
0,2499.8,5684.0,4330.0,692.6,7485.0,810.85,3175.3,418.1,1034.6,1431.0,850.0,244.3,8360.5,5842.0,2431.0,673.75,1549.8,5422.0,158.1,1272.1,681.7,2218.8,2010.4,1167.2,345.1,1614.0,1813.6,1493.2,2807.3,2428.0,3580.7,1098.9,267.15,3427.7,351.25,1629.3,1675.3,3379.8,12462.0,1677.7,385.95,12477.0,82.62
